,"页面URL","访问次数","访客数(UV)","新访客数","新访客比率","IP数","贡献浏览量","跳出率","平均访问时长","平均访问页数",
,"总计","110,630","99,795","81,046","81.21%","100,199","122,213","93%"," 00:02:57","1.1",
1,"http://www.1010jiajiao.com/qx_portal/doc/761026.html","1","1","1","100%","1","1","100%"," 00:02:00","1",
2,"http://www.1010jiajiao.com/qx_portal/doc/228645.html","1","1","1","100%","1","1","100%"," 00:00:18","1",
3,"http://www.1010jiajiao.com/qx_portal/doc/350587.html","1","1","0","0%","1","2","0%"," 00:00:44","2",
4,"http://www.1010jiajiao.com/qx_portal/doc/48462.html","1","1","1","100%","1","1","100%"," 00:02:00","1",
5,"http://www.1010jiajiao.com/qx_portal/doc/805849.html","1","1","1","100%","1","1","100%"," 00:02:00","1",
6,"http://www.1010jiajiao.com/qx_portal/doc/272663.html","1","1","1","100%","1","1","100%"," 00:07:38","1",
7,"http://www.1010jiajiao.com/qx_portal/doc/875297.html","1","1","1","100%","1","1","100%"," 00:00:52","1",
8,"http://www.1010jiajiao.com/qx_portal/doc/44112.html","1","1","1","100%","1","1","100%"," 00:01:10","1",
9,"http://www.1010jiajiao.com/qx_portal/doc/723800.html","1","1","1","100%","1","1","100%"," 00:02:00","1",
10,"http://www.1010jiajiao.com/qx_portal/doc/964799.html","1","1","0","0%","1","1","100%"," 00:00:20","1",
11,"http://www.1010jiajiao.com/qx_portal/doc/280491.html","1","1","1","100%","1","1","100%"," 00:01:28","1",
12,"http://www.1010jiajiao.com/qx_portal/doc/706561.html","1","1","1","100%","1","1","100%"," 00:05:02","1",
13,"http://www.1010jiajiao.com/qx_portal/doc/748729.html","1","1","1","100%","1","1","100%"," 00:02:00","1",
14,"http://www.1010jiajiao.com/qx_portal/doc/694376.html","1","1","1","100%","1","1","100%"," 00:02:00","1",
15,"http://www.1010jiajiao.com/qx_portal/doc/623826.html","1","1","1","100%","1","1","100%"," 00:02:00","1",
16,"http://www.1010jiajiao.com/qx_portal/doc/425350.html","1","1","1","100%","1","1","100%"," 00:02:00","1",
17,"http://www.1010jiajiao.com/qx_portal/doc/323838.html","1","1","1","100%","1","1","100%"," 00:02:00","1",
18,"http://www.1010jiajiao.com/qx_portal/doc/695399.html","1","1","1","100%","1","1","100%"," 00:02:00","1",
19,"http://www.1010jiajiao.com/qx_portal/doc/760316.html?_t_t_t=0.36077989783326914","1","1","1","100%","1","1","100%"," 00:02:00","1",
20,"http://www.1010jiajiao.com/qx_portal/doc/693075.html","1","1","1","100%","1","3","0%"," 00:03:34","3",
21,"http://www.1010jiajiao.com/qx_portal/doc/31160.html","1","1","0","0%","1","2","0%"," 00:00:38","2",
22,"http://www.1010jiajiao.com/qx_portal/doc/781868.html","1","1","0","0%","1","1","100%"," 00:02:00","1",
23,"http://www.1010jiajiao.com/qx_portal/doc/675841.html?_t_t_t=0.29906918613731226","1","1","1","100%","1","1","100%"," 00:02:00","1",
24,"http://www.1010jiajiao.com/qx_portal/doc/957849.html","1","1","1","100%","1","1","100%"," 00:00:14","1",
25,"http://www.1010jiajiao.com/qx_portal/doc/628985.html","1","1","1","100%","1","1","100%"," 00:02:00","1",
26,"http://www.1010jiajiao.com/qx_portal/doc/684826.html","1","1","1","100%","1","1","100%"," 00:02:00","1",
27,"http://www.1010jiajiao.com/qx_portal/doc/649635.html","1","1","1","100%","1","1","100%"," 00:02:00","1",
28,"http://www.1010jiajiao.com/qx_portal/doc/850601.html","1","1","1","100%","1","2","0%"," 00:01:49","2",
29,"http://www.1010jiajiao.com/qx_portal/doc/732132.html","1","1","1","100%","1","1","100%"," 00:02:00","1",
30,"http://www.1010jiajiao.com/qx_portal/doc/961088.html","1","1","1","100%","1","1","100%"," 00:00:10","1",
31,"http://www.1010jiajiao.com/qx_portal/doc/912878.html","1","1","1","100%","1","1","100%"," 00:04:51","1",
32,"http://www.1010jiajiao.com/qx_portal/doc/959098.html","1","1","1","100%","1","1","100%"," 00:00:21","1",
33,"http://www.1010jiajiao.com/qx_portal/doc/906256.html","1","1","1","100%","1","3","0%"," 00:13:49","3",
34,"http://www.1010jiajiao.com/qx_portal/doc/676608.html","1","1","1","100%","1","1","100%"," 00:02:00","1",
35,"http://www.1010jiajiao.com/qx_portal/doc/183222.html","1","1","1","100%","1","1","100%"," 00:01:39","1",
36,"http://www.1010jiajiao.com/qx_portal/doc/910718.html","1","1","1","100%","1","1","100%"," 00:00:19","1",
37,"http://www.1010jiajiao.com/qx_portal/doc/657150.html","1","1","1","100%","1","2","0%"," 00:00:19","2",
38,"http://www.1010jiajiao.com/qx_portal/doc/677842.html","1","1","1","100%","1","1","100%"," 00:02:00","1",
39,"http://www.1010jiajiao.com/qx_portal/doc/962676.html","1","1","1","100%","1","2","0%"," 00:12:20","2",
40,"http://www.1010jiajiao.com/qx_portal/doc/547786.html","1","1","0","0%","1","1","100%"," 00:02:00","1",
41,"http://www.1010jiajiao.com/qx_portal/doc/948177.html","1","1","1","100%","1","1","100%"," 00:00:13","1",
42,"http://www.1010jiajiao.com/qx_portal/doc/57353.html","1","1","1","100%","1","1","100%"," 00:02:00","1",
43,"http://www.1010jiajiao.com/qx_portal/doc/624689.html","1","1","1","100%","1","1","100%"," 00:00:04","1",
44,"http://www.1010jiajiao.com/qx_portal/doc/66738.html?_t_t_t=0.3437150400215727","1","1","1","100%","1","1","100%"," 00:02:00","1",
45,"http://www.1010jiajiao.com/qx_portal/doc/966257.html","1","1","1","100%","1","1","100%"," 00:00:09","1",
46,"http://www.1010jiajiao.com/qx_portal/doc/62264.html?_t_t_t=0.04368542809970677","1","1","1","100%","1","1","100%"," 00:02:00","1",
47,"http://www.1010jiajiao.com/qx_portal/doc/971230.html","1","1","1","100%","1","1","100%"," 00:00:19","1",
48,"http://www.1010jiajiao.com/qx_portal/doc/666307.html","1","1","1","100%","1","1","100%"," 00:02:00","1",
49,"http://www.1010jiajiao.com/qx_portal/doc/823989.html","1","1","1","100%","1","1","100%"," 00:02:00","1",
50,"http://www.1010jiajiao.com/qx_portal/cat/3052.html","1","1","0","0%","1","1","100%"," 00:02:00","1",
51,"http://www.1010jiajiao.com/qx_portal/doc/816233.html","1","1","1","100%","1","1","100%"," 00:00:05","1",
52,"http://www.1010jiajiao.com/qx_portal/doc/58783.html","1","1","1","100%","1","7","0%"," 00:20:25","7",
53,"http://www.1010jiajiao.com/qx_portal/doc/119107.html","1","1","0","0%","1","1","100%"," 00:02:00","1",
54,"http://www.1010jiajiao.com/qx_portal/doc/43046.html","1","1","1","100%","1","1","100%"," 00:02:00","1",
55,"http://www.1010jiajiao.com/qx_portal/doc/949007.html","1","1","1","100%","1","1","100%"," 00:02:00","1",
56,"http://www.1010jiajiao.com/qx_portal/doc/39288.html?_t_t_t=0.8044849910498124","1","1","0","0%","1","3","0%"," 00:00:04","3",
57,"http://www.1010jiajiao.com/qx_portal/doc/877610.html","1","1","1","100%","1","1","100%"," 00:00:10","1",
58,"http://www.1010jiajiao.com/qx_portal/doc/49302.html","1","1","1","100%","1","1","100%"," 00:02:00","1",
59,"http://www.1010jiajiao.com/qx_portal/doc/717172.html","1","1","1","100%","1","1","100%"," 00:00:16","1",
60,"http://www.1010jiajiao.com/qx_portal/doc/810707.html","1","1","1","100%","1","1","100%"," 00:02:00","1",
61,"http://www.1010jiajiao.com/qx_portal/doc/28969.html","1","1","0","0%","1","1","100%"," 00:02:00","1",
62,"http://www.1010jiajiao.com/qx_portal/doc/811851.html","1","1","1","100%","1","1","100%"," 00:02:00","1",
63,"http://www.1010jiajiao.com/qx_portal/doc/967634.html","1","1","1","100%","1","1","100%"," 00:00:07","1",
64,"http://www.1010jiajiao.com/qx_portal/doc/946572.html","1","1","1","100%","1","1","100%"," 00:02:00","1",
65,"http://www.1010jiajiao.com/qx_portal/doc/577648.html","1","1","1","100%","1","1","100%"," 00:00:08","1",
66,"http://www.1010jiajiao.com/qx_portal/doc/966784.html","1","1","1","100%","1","1","100%"," 00:00:16","1",
67,"http://www.1010jiajiao.com/qx_portal/doc/785291.html","1","1","1","100%","1","1","100%"," 00:07:01","1",
68,"http://www.1010jiajiao.com/qx_portal/doc/962884.html","1","1","1","100%","1","4","0%"," 00:03:16","4",
69,"http://www.1010jiajiao.com/qx_portal/doc/918697.html","1","1","1","100%","1","1","100%"," 00:00:10","1",
70,"http://www.1010jiajiao.com/qx_portal/doc/362864.html","1","1","0","0%","1","1","100%"," 00:02:00","1",
71,"http://www.1010jiajiao.com/qx_portal/doc/105827.html","1","1","1","100%","1","1","100%"," 00:02:00","1",
72,"http://www.1010jiajiao.com/qx_portal/doc/650411.html","1","1","0","0%","1","5","0%"," 00:24:02","5",
73,"http://www.1010jiajiao.com/qx_portal/doc/582951.html","1","1","1","100%","1","1","100%"," 00:00:31","1",
74,"http://www.1010jiajiao.com/qx_portal/doc/685793.html","1","1","1","100%","1","1","100%"," 00:00:12","1",
75,"http://www.1010jiajiao.com/qx_portal/doc/43007.html","1","1","1","100%","1","1","100%"," 00:00:09","1",
76,"http://www.1010jiajiao.com/qx_portal/doc/176059.html","1","1","1","100%","1","1","100%"," 00:02:30","1",
77,"http://www.1010jiajiao.com/qx_portal/doc/965277.html","1","1","1","100%","1","1","100%"," 00:02:14","1",
78,"http://www.1010jiajiao.com/qx_portal/doc/794994.html","1","1","1","100%","1","1","100%"," 00:00:03","1",
79,"http://www.1010jiajiao.com/qx_portal/doc/972168.html","1","1","1","100%","1","1","100%"," 00:11:47","1",
80,"http://www.1010jiajiao.com/qx_portal/doc/98122.html","1","1","1","100%","1","1","100%"," 00:02:00","1",
81,"http://www.1010jiajiao.com/qx_portal/doc/297515.html","1","1","1","100%","1","1","100%"," 00:02:00","1",
82,"http://www.1010jiajiao.com/qx_portal/doc/684577.html","1","1","1","100%","1","1","100%"," 00:02:00","1",
83,"http://www.1010jiajiao.com/qx_portal/doc/971746.html","1","1","1","100%","1","1","100%"," 00:00:03","1",
84,"http://www.1010jiajiao.com/qx_portal/doc/966683.html","1","1","0","0%","1","1","100%"," 00:00:17","1",
85,"http://www.1010jiajiao.com/qx_portal/doc/870970.html","1","1","0","0%","1","3","0%"," 00:00:50","3",
86,"http://www.1010jiajiao.com/qx_portal/doc/667065.html","1","1","1","100%","1","1","100%"," 00:02:00","1",
87,"http://www.1010jiajiao.com/qx_portal/doc/38558.html","1","1","0","0%","1","1","100%"," 00:02:00","1",
88,"http://www.1010jiajiao.com/qx_portal/doc/933915.html","1","1","1","100%","1","1","100%"," 00:00:45","1",
89,"http://www.1010jiajiao.com/qx_portal/doc/971123.html","1","1","1","100%","1","1","100%"," 00:12:54","1",
90,"http://www.1010jiajiao.com/qx_portal/doc/811185.html?_t_t_t=0.5368791151441853","1","1","1","100%","1","4","0%"," 00:13:29","4",
91,"http://www.1010jiajiao.com/qx_portal/doc/780907.html","1","1","1","100%","1","1","100%"," 00:02:00","1",
92,"http://www.1010jiajiao.com/qx_portal/doc/712439.html","1","1","1","100%","1","1","100%"," 00:00:38","1",
93,"http://www.1010jiajiao.com/qx_portal/doc/972247.html","1","1","1","100%","1","1","100%"," 00:00:35","1",
94,"http://www.1010jiajiao.com/qx_portal/doc/368284.html","1","1","1","100%","1","1","100%"," 00:00:13","1",
95,"http://www.1010jiajiao.com/qx_portal/doc/53344.html","1","1","1","100%","1","1","100%"," 00:02:00","1",
96,"http://www.1010jiajiao.com/qx_portal/doc/651966.html","1","1","0","0%","1","1","100%"," 00:02:00","1",
97,"http://www.1010jiajiao.com/qx_portal/doc/679457.html?_t_t_t=0.28941273665986955","1","1","1","100%","1","2","0%"," 00:00:49","2",
98,"http://www.1010jiajiao.com/qx_portal/doc/553166.html","1","1","1","100%","1","1","100%"," 00:02:51","1",
99,"http://www.1010jiajiao.com/qx_portal/doc/866933.html","1","1","1","100%","1","1","100%"," 00:00:42","1",
100,"http://www.1010jiajiao.com/qx_portal/doc/970061.html","1","1","0","0%","1","1","100%"," 00:28:43","1",
101,"http://www.1010jiajiao.com/qx_portal/doc/64848.html","1","1","1","100%","1","1","100%"," 00:02:00","1",
102,"http://www.1010jiajiao.com/qx_portal/doc/330991.html","1","1","1","100%","1","1","100%"," 00:02:05","1",
103,"http://www.1010jiajiao.com/qx_portal/doc/677630.html","1","1","1","100%","1","1","100%"," 00:02:00","1",
104,"http://www.1010jiajiao.com/qx_portal/doc/615763.html?_t_t_t=0.4612178229726851","1","1","1","100%","1","1","100%"," 00:02:00","1",
105,"http://www.1010jiajiao.com/qx_portal/doc/811057.html","1","1","1","100%","1","1","100%"," 00:02:00","1",
106,"http://www.1010jiajiao.com/qx_portal/doc/962066.html","1","1","1","100%","1","1","100%"," 00:00:04","1",
107,"http://www.1010jiajiao.com/qx_portal/doc/845241.html","1","1","0","0%","1","1","100%"," 00:02:00","1",
108,"http://www.1010jiajiao.com/qx_portal/doc/639589.html","1","1","1","100%","1","1","100%"," 00:02:00","1",
109,"http://www.1010jiajiao.com/qx_portal/doc/78437.html","1","1","1","100%","1","1","100%"," 00:02:00","1",
110,"http://www.1010jiajiao.com/qx_portal/doc/703237.html","1","1","0","0%","1","1","100%"," 00:02:00","1",
111,"http://www.1010jiajiao.com/qx_portal/doc/877858.html","1","1","1","100%","1","2","0%"," 00:08:08","2",
112,"http://www.1010jiajiao.com/qx_portal/doc/722101.html","1","1","0","0%","1","1","100%"," 00:00:59","1",
113,"http://www.1010jiajiao.com/qx_portal/doc/970002.html","1","1","0","0%","1","1","100%"," 00:00:50","1",
114,"http://www.1010jiajiao.com/qx_portal/doc/147690.html","1","1","0","0%","1","1","100%"," 00:02:00","1",
115,"http://www.1010jiajiao.com/qx_portal/doc/876836.html","1","1","0","0%","1","1","100%"," 00:02:23","1",
116,"http://www.1010jiajiao.com/qx_portal/doc/660486.html","1","1","1","100%","1","1","100%"," 00:02:00","1",
117,"http://www.1010jiajiao.com/qx_portal/doc/74368.html","1","1","1","100%","1","1","100%"," 00:02:00","1",
118,"http://www.1010jiajiao.com/qx_portal/doc/238280.html","1","1","0","0%","1","1","100%"," 00:02:00","1",
119,"http://www.1010jiajiao.com/qx_portal/doc/861120.html","1","1","1","100%","1","1","100%"," 00:02:00","1",
120,"http://www.1010jiajiao.com/qx_portal/doc/359871.html","1","1","1","100%","1","1","100%"," 00:02:00","1",
121,"http://www.1010jiajiao.com/qx_portal/doc/743626.html","1","1","1","100%","1","2","0%"," 00:01:40","2",
122,"http://www.1010jiajiao.com/qx_portal/doc/804419.html","1","1","1","100%","1","1","100%"," 00:06:55","1",
123,"http://www.1010jiajiao.com/qx_portal/doc/856733.html","1","1","1","100%","1","1","100%"," 00:00:07","1",
124,"http://www.1010jiajiao.com/qx_portal/doc/897809.html","1","1","1","100%","1","1","100%"," 00:02:00","1",
125,"http://www.1010jiajiao.com/qx_portal/doc/82929.html","1","1","1","100%","1","1","100%"," 00:00:14","1",
126,"http://www.1010jiajiao.com/qx_portal/doc/637951.html","1","1","1","100%","1","3","0%"," 00:01:18","3",
127,"http://www.1010jiajiao.com/qx_portal/doc/55045.html","1","1","1","100%","1","1","100%"," 00:10:49","1",
128,"http://www.1010jiajiao.com/qx_portal/doc/77980.html","1","1","1","100%","1","1","100%"," 00:02:00","1",
129,"http://www.1010jiajiao.com/qx_portal/doc/622678.html","1","1","1","100%","1","2","0%"," 00:03:56","2",
130,"http://www.1010jiajiao.com/qx_portal/doc/833932.html","1","1","0","0%","1","1","100%"," 00:00:12","1",
131,"http://www.1010jiajiao.com/qx_portal/doc/602273.html","1","1","1","100%","1","1","100%"," 00:22:43","1",
132,"http://www.1010jiajiao.com/qx_portal/doc/388434.html","1","1","1","100%","1","1","100%"," 00:02:00","1",
133,"http://www.1010jiajiao.com/qx_portal/doc/733404.html?_t_t_t=0.3837922385428101","1","1","1","100%","1","2","0%"," 00:01:08","2",
134,"http://www.1010jiajiao.com/qx_portal/doc/702038.html","1","1","1","100%","1","1","100%"," 00:02:00","1",
135,"http://www.1010jiajiao.com/qx_portal/doc/969071.html","1","1","0","0%","1","1","100%"," 00:02:30","1",
136,"http://www.1010jiajiao.com/qx_portal/doc/437816.html","1","1","1","100%","1","1","100%"," 00:17:24","1",
137,"http://www.1010jiajiao.com/qx_portal/doc/678250.html","1","1","1","100%","1","1","100%"," 00:02:00","1",
138,"http://www.1010jiajiao.com/qx_portal/doc/215997.html","1","1","1","100%","1","2","0%"," 00:00:15","2",
139,"http://www.1010jiajiao.com/qx_portal/doc/389349.html","1","1","1","100%","1","1","100%"," 00:02:00","1",
140,"http://www.1010jiajiao.com/qx_portal/doc/967587.html","1","1","1","100%","1","2","0%"," 00:14:14","2",
141,"http://www.1010jiajiao.com/qx_portal/doc/968406.html","1","1","1","100%","1","1","100%"," 00:00:06","1",
142,"http://www.1010jiajiao.com/qx_portal/doc/410716.html","1","1","1","100%","1","1","100%"," 00:02:00","1",
143,"http://www.1010jiajiao.com/qx_portal/doc/128579.html","1","1","1","100%","1","1","100%"," 00:02:00","1",
144,"http://www.1010jiajiao.com/qx_portal/doc/95054.html","1","1","1","100%","1","7","0%"," 00:18:24","7",
145,"http://www.1010jiajiao.com/qx_portal/doc/877351.html","1","1","1","100%","1","1","100%"," 00:00:36","1",
146,"http://www.1010jiajiao.com/qx_portal/doc/780399.html","1","1","1","100%","1","2","0%"," 00:00:30","2",
147,"http://www.1010jiajiao.com/qx_portal/doc/187592.html","1","1","0","0%","1","1","100%"," 00:01:01","1",
148,"http://www.1010jiajiao.com/qx_portal/doc/735006.html","1","1","1","100%","1","1","100%"," 00:00:34","1",
149,"http://www.1010jiajiao.com/qx_portal/doc/608088.html","1","1","1","100%","1","1","100%"," 00:00:03","1",
150,"http://www.1010jiajiao.com/qx_portal/doc/911154.html","1","1","1","100%","1","1","100%"," 00:17:22","1",
151,"http://www.1010jiajiao.com/qx_portal/doc/947585.html","1","1","1","100%","1","3","0%"," 00:12:49","3",
152,"http://www.1010jiajiao.com/qx_portal/doc/657685.html?_t_t_t=0.32626267680513743","1","1","1","100%","1","1","100%"," 00:02:00","1",
153,"http://www.1010jiajiao.com/qx_portal/doc/613780.html","1","1","1","100%","1","1","100%"," 00:02:00","1",
154,"http://www.1010jiajiao.com/qx_portal/doc/856068.html","1","1","1","100%","1","1","100%"," 00:02:00","1",
155,"http://www.1010jiajiao.com/qx_portal/doc/625993.html","1","1","1","100%","1","2","0%"," 00:15:14","2",
156,"http://www.1010jiajiao.com/qx_portal/doc/757626.html","1","1","1","100%","1","1","100%"," 00:02:00","1",
157,"http://www.1010jiajiao.com/qx_portal/doc/972104.html","1","1","1","100%","1","1","100%"," 00:00:30","1",
158,"http://www.1010jiajiao.com/qx_portal/doc/620593.html?_t_t_t=0.5481014575343579","1","1","0","0%","1","1","100%"," 00:02:00","1",
159,"http://www.1010jiajiao.com/qx_portal/doc/349501.html","1","1","1","100%","1","1","100%"," 00:00:22","1",
160,"http://www.1010jiajiao.com/qx_portal/doc/740354.html","1","1","1","100%","1","1","100%"," 00:02:00","1",
161,"http://www.1010jiajiao.com/qx_portal/doc/185683.html","1","1","0","0%","1","1","100%"," 00:02:00","1",
162,"http://www.1010jiajiao.com/qx_portal/doc/580528.html","1","1","1","100%","1","1","100%"," 00:02:00","1",
163,"http://www.1010jiajiao.com/qx_portal/doc/794780.html?_t_t_t=0.7008922872526893","1","1","1","100%","1","3","--","--","3",
164,"http://www.1010jiajiao.com/qx_portal/doc/195241.html","1","1","0","0%","1","1","100%"," 00:01:32","1",
165,"http://www.1010jiajiao.com/qx_portal/doc/807160.html","1","1","1","100%","1","1","100%"," 00:07:39","1",
166,"http://www.1010jiajiao.com/qx_portal/doc/697756.html","1","1","1","100%","1","1","100%"," 00:02:00","1",
167,"http://www.1010jiajiao.com/qx_portal/doc/115467.html","1","1","1","100%","1","1","100%"," 00:02:00","1",
168,"http://www.1010jiajiao.com/qx_portal/doc/59997.html","1","1","1","100%","1","1","100%"," 00:02:00","1",
169,"http://www.1010jiajiao.com/qx_portal/doc/617315.html","1","1","1","100%","1","1","100%"," 00:02:00","1",
170,"http://www.1010jiajiao.com/qx_portal/doc/741622.html","1","1","0","0%","1","1","100%"," 00:02:00","1",
171,"http://www.1010jiajiao.com/qx_portal/doc/686391.html","1","1","1","100%","1","1","100%"," 00:01:30","1",
172,"http://www.1010jiajiao.com/qx_portal/doc/699013.html","1","1","1","100%","1","1","100%"," 00:02:00","1",
173,"http://www.1010jiajiao.com/qx_portal/doc/966224.html","1","1","1","100%","1","1","100%"," 00:00:35","1",
174,"http://www.1010jiajiao.com/qx_portal/doc/682459.html","1","1","1","100%","1","1","100%"," 00:02:00","1",
175,"http://www.1010jiajiao.com/qx_portal/doc/964954.html","1","1","1","100%","1","1","100%"," 00:00:04","1",
176,"http://www.1010jiajiao.com/qx_portal/doc/402388.html","1","1","1","100%","1","1","100%"," 00:00:52","1",
177,"http://www.1010jiajiao.com/qx_portal/doc/476296.html?_t_t_t=0.9275574514176697","1","1","1","100%","1","1","100%"," 00:02:00","1",
178,"http://www.1010jiajiao.com/qx_portal/doc/891985.html","1","1","1","100%","1","1","100%"," 00:02:00","1",
179,"http://www.1010jiajiao.com/qx_portal/doc/872246.html","1","1","1","100%","1","1","100%"," 00:00:11","1",
180,"http://www.1010jiajiao.com/qx_portal/doc/795235.html","1","1","1","100%","1","1","100%"," 00:00:31","1",
181,"http://www.1010jiajiao.com/qx_portal/doc/823385.html","1","1","1","100%","1","1","100%"," 00:02:00","1",
182,"http://www.1010jiajiao.com/qx_portal/doc/589554.html","1","1","0","0%","1","1","100%"," 00:02:00","1",
183,"http://www.1010jiajiao.com/qx_portal/doc/593772.html","1","1","1","100%","1","1","100%"," 00:00:55","1",
184,"http://www.1010jiajiao.com/qx_portal/doc/241635.html","1","1","1","100%","1","1","100%"," 00:02:00","1",
185,"http://www.1010jiajiao.com/qx_portal/doc/917832.html","1","1","0","0%","1","1","100%"," 00:02:00","1",
186,"http://www.1010jiajiao.com/qx_portal/doc/196378.html","1","1","1","100%","1","3","--","--","3",
187,"http://www.1010jiajiao.com/qx_portal/doc/157825.html","1","1","1","100%","1","2","0%"," 00:00:19","2",
188,"http://www.1010jiajiao.com/qx_portal/doc/872865.html?_t_t_t=0.48844015086069703","1","1","1","100%","1","1","100%"," 00:02:00","1",
189,"http://www.1010jiajiao.com/qx_portal/doc/599258.html","1","1","1","100%","1","1","100%"," 00:00:25","1",
190,"http://www.1010jiajiao.com/qx_portal/doc/920884.html","1","1","1","100%","1","1","100%"," 00:00:05","1",
191,"http://www.1010jiajiao.com/qx_portal/doc/68087.html","1","1","1","100%","1","1","100%"," 00:02:00","1",
192,"http://www.1010jiajiao.com/qx_portal/doc/716677.html","1","1","1","100%","1","1","100%"," 00:02:00","1",
193,"http://www.1010jiajiao.com/qx_portal/doc/651109.html","1","1","1","100%","1","1","100%"," 00:02:00","1",
194,"http://www.1010jiajiao.com/qx_portal/doc/950547.html","1","1","0","0%","1","1","100%"," 00:00:54","1",
195,"http://www.1010jiajiao.com/qx_portal/doc/579420.html","1","1","1","100%","1","1","100%"," 00:16:22","1",
196,"http://www.1010jiajiao.com/qx_portal/doc/874985.html?_t_t_t=0.6753959869965911","1","1","0","0%","1","3","0%"," 00:06:15","3",
197,"http://www.1010jiajiao.com/qx_portal/doc/793280.html","1","1","1","100%","1","1","100%"," 00:01:22","1",
198,"http://www.1010jiajiao.com/qx_portal/doc/959439.html","1","1","1","100%","1","1","100%"," 00:01:23","1",
199,"http://www.1010jiajiao.com/qx_portal/doc/323371.html","1","1","1","100%","1","1","100%"," 00:00:16","1",
200,"http://www.1010jiajiao.com/qx_portal/doc/681306.html","1","1","0","0%","1","1","100%"," 00:02:00","1",
201,"http://www.1010jiajiao.com/qx_portal/doc/962252.html","1","1","0","0%","1","1","100%"," 00:00:56","1",
202,"http://www.1010jiajiao.com/qx_portal/doc/953523.html","1","1","1","100%","1","1","100%"," 00:00:06","1",
203,"http://www.1010jiajiao.com/qx_portal/doc/821695.html","1","1","1","100%","1","1","100%"," 00:00:10","1",
204,"http://www.1010jiajiao.com/qx_portal/doc/960171.html","1","1","0","0%","1","1","100%"," 00:02:00","1",
205,"http://www.1010jiajiao.com/qx_portal/doc/939005.html","1","1","1","100%","1","1","100%"," 00:00:23","1",
206,"http://www.1010jiajiao.com/qx_portal/doc/873314.html","1","1","1","100%","1","1","100%"," 00:02:00","1",
207,"http://www.1010jiajiao.com/qx_portal/doc/968124.html","1","1","1","100%","1","1","100%"," 00:26:53","1",
208,"http://www.1010jiajiao.com/qx_portal/doc/160648.html","1","1","1","100%","1","1","100%"," 00:02:00","1",
209,"http://www.1010jiajiao.com/qx_portal/doc/175609.html","1","1","1","100%","1","1","100%"," 00:02:00","1",
210,"http://www.1010jiajiao.com/qx_portal/doc/731844.html","1","1","1","100%","1","1","100%"," 00:02:00","1",
211,"http://www.1010jiajiao.com/qx_portal/doc/966906.html","1","1","1","100%","1","1","100%"," 00:00:22","1",
212,"http://www.1010jiajiao.com/qx_portal/doc/641789.html?_t_t_t=0.22186676575802267","1","1","1","100%","1","7","0%"," 00:20:06","7",
213,"http://www.1010jiajiao.com/qx_portal/doc/632607.html","1","1","1","100%","1","1","100%"," 00:02:00","1",
214,"http://www.1010jiajiao.com/qx_portal/doc/961436.html","1","1","0","0%","1","1","100%"," 00:01:19","1",
215,"http://www.1010jiajiao.com/qx_portal/doc/894380.html","1","1","0","0%","1","3","0%"," 00:08:01","3",
216,"http://www.1010jiajiao.com/qx_portal/doc/272773.html","1","1","0","0%","1","1","100%"," 00:02:00","1",
217,"http://www.1010jiajiao.com/qx_portal/doc/592589.html","1","1","1","100%","1","1","100%"," 00:02:00","1",
218,"http://www.1010jiajiao.com/qx_portal/doc/27497.html","1","1","1","100%","1","1","100%"," 00:02:00","1",
219,"http://www.1010jiajiao.com/qx_portal/doc/535173.html","1","1","1","100%","1","1","100%"," 00:00:13","1",
220,"http://www.1010jiajiao.com/qx_portal/doc/970029.html","1","1","1","100%","1","1","100%"," 00:04:56","1",
221,"http://www.1010jiajiao.com/qx_portal/doc/869610.html","1","1","1","100%","1","1","100%"," 00:02:00","1",
222,"http://www.1010jiajiao.com/qx_portal/doc/597385.html","1","1","0","0%","1","1","100%"," 00:02:00","1",
223,"http://www.1010jiajiao.com/qx_portal/doc/322049.html","1","1","0","0%","1","1","100%"," 00:09:13","1",
224,"http://www.1010jiajiao.com/qx_portal/doc/749114.html","1","1","1","100%","1","1","100%"," 00:08:40","1",
225,"http://www.1010jiajiao.com/qx_portal/doc/831061.html","1","1","1","100%","1","1","100%"," 00:02:00","1",
226,"http://www.1010jiajiao.com/qx_portal/doc/617422.html","1","1","1","100%","1","1","100%"," 00:00:07","1",
227,"http://www.1010jiajiao.com/qx_portal/doc/59757.html","1","1","1","100%","1","1","100%"," 00:00:15","1",
228,"http://www.1010jiajiao.com/qx_portal/doc/959539.html","1","1","1","100%","1","1","100%"," 00:22:56","1",
229,"http://www.1010jiajiao.com/qx_portal/doc/781060.html","1","1","1","100%","1","1","100%"," 00:02:00","1",
230,"http://www.1010jiajiao.com/qx_portal/doc/893937.html?_t_t_t=0.5757396816331706","1","1","0","0%","1","1","100%"," 00:00:12","1",
231,"http://www.1010jiajiao.com/qx_portal/doc/605237.html","1","1","1","100%","1","1","100%"," 00:02:00","1",
232,"http://www.1010jiajiao.com/qx_portal/doc/704421.html","1","1","1","100%","1","1","100%"," 00:05:56","1",
233,"http://www.1010jiajiao.com/qx_portal/doc/510438.html","1","1","1","100%","1","1","100%"," 00:01:37","1",
234,"http://www.1010jiajiao.com/qx_portal/doc/956441.html","1","1","1","100%","1","1","100%"," 00:00:33","1",
235,"http://www.1010jiajiao.com/qx_portal/doc/671589.html","1","1","1","100%","1","1","100%"," 00:02:00","1",
236,"http://www.1010jiajiao.com/qx_portal/doc/287758.html","1","1","1","100%","1","1","100%"," 00:02:00","1",
237,"http://www.1010jiajiao.com/qx_portal/doc/708615.html","1","1","1","100%","1","1","100%"," 00:02:00","1",
238,"http://www.1010jiajiao.com/qx_portal/doc/322333.html","1","1","0","0%","1","4","0%"," 00:03:14","4",
239,"http://www.1010jiajiao.com/qx_portal/doc/128237.html","1","1","0","0%","1","1","100%"," 00:02:00","1",
240,"http://www.1010jiajiao.com/qx_portal/doc/963629.html","1","1","0","0%","1","1","100%"," 00:02:00","1",
241,"http://www.1010jiajiao.com/qx_portal/doc/721782.html","1","1","1","100%","1","1","100%"," 00:02:00","1",
242,"http://www.1010jiajiao.com/qx_portal/doc/621393.html","1","1","1","100%","1","1","100%"," 00:06:15","1",
243,"http://www.1010jiajiao.com/qx_portal/doc/80378.html","1","1","1","100%","1","1","100%"," 00:00:09","1",
244,"http://www.1010jiajiao.com/qx_portal/doc/954280.html","1","1","1","100%","1","1","100%"," 00:01:32","1",
245,"http://www.1010jiajiao.com/qx_portal/doc/949725.html","1","1","0","0%","1","1","100%"," 00:02:00","1",
246,"http://www.1010jiajiao.com/qx_portal/doc/172895.html","1","1","1","100%","1","1","100%"," 00:02:00","1",
247,"http://www.1010jiajiao.com/qx_portal/doc/925071.html","1","1","1","100%","1","2","0%"," 00:24:25","2",
248,"http://www.1010jiajiao.com/qx_portal/doc/746255.html?_t_t_t=0.1521063637919724","1","1","1","100%","1","2","0%"," 00:02:00","2",
249,"http://www.1010jiajiao.com/qx_portal/doc/408258.html","1","1","1","100%","1","1","100%"," 00:02:00","1",
250,"http://www.1010jiajiao.com/qx_portal/doc/969599.html","1","1","1","100%","1","1","100%"," 00:03:25","1",
251,"http://www.1010jiajiao.com/qx_portal/doc/943211.html","1","1","1","100%","1","1","100%"," 00:00:22","1",
252,"http://www.1010jiajiao.com/qx_portal/doc/396220.html","1","1","1","100%","1","1","100%"," 00:02:00","1",
253,"http://www.1010jiajiao.com/qx_portal/doc/956120.html","1","1","1","100%","1","1","100%"," 00:00:21","1",
254,"http://www.1010jiajiao.com/qx_portal/doc/428798.html","1","1","1","100%","1","1","100%"," 00:22:45","1",
255,"http://www.1010jiajiao.com/qx_portal/doc/961248.html","1","1","1","100%","1","1","100%"," 00:00:17","1",
256,"http://www.1010jiajiao.com/qx_portal/doc/953886.html","1","1","1","100%","1","1","100%"," 00:00:28","1",
257,"http://www.1010jiajiao.com/qx_portal/doc/932565.html","1","1","1","100%","1","1","100%"," 00:14:33","1",
258,"http://www.1010jiajiao.com/qx_portal/doc/865512.html","1","1","1","100%","1","1","100%"," 00:02:00","1",
259,"http://www.1010jiajiao.com/qx_portal/doc/725734.html","1","1","1","100%","1","1","100%"," 00:02:00","1",
260,"http://www.1010jiajiao.com/qx_portal/doc/665897.html","1","1","1","100%","1","1","100%"," 00:02:00","1",
261,"http://www.1010jiajiao.com/qx_portal/doc/564607.html","1","1","1","100%","1","4","0%"," 00:06:30","4",
262,"http://www.1010jiajiao.com/qx_portal/doc/656605.html","1","1","1","100%","1","1","100%"," 00:02:00","1",
263,"http://www.1010jiajiao.com/qx_portal/doc/273315.html","1","1","1","100%","1","1","100%"," 00:02:00","1",
264,"http://www.1010jiajiao.com/qx_portal/doc/658008.html","1","1","1","100%","1","1","100%"," 00:10:46","1",
265,"http://www.1010jiajiao.com/qx_portal/doc/863892.html","1","1","1","100%","1","1","100%"," 00:00:22","1",
266,"http://www.1010jiajiao.com/qx_portal/doc/953706.html","1","1","1","100%","1","2","0%"," 00:01:03","2",
267,"http://www.1010jiajiao.com/qx_portal/doc/128085.html","1","1","1","100%","1","1","100%"," 00:02:00","1",
268,"http://www.1010jiajiao.com/qx_portal/doc/12133.html","1","1","1","100%","1","1","100%"," 00:02:00","1",
269,"http://www.1010jiajiao.com/qx_portal/doc/168209.html","1","1","1","100%","1","1","100%"," 00:00:16","1",
270,"http://www.1010jiajiao.com/qx_portal/doc/742718.html","1","1","1","100%","1","1","100%"," 00:01:16","1",
271,"http://www.1010jiajiao.com/qx_portal/doc/4744.html","1","1","0","0%","1","8","0%"," 00:21:18","8",
272,"http://www.1010jiajiao.com/qx_portal/doc/145713.html","1","1","1","100%","1","1","100%"," 00:02:00","1",
273,"http://www.1010jiajiao.com/qx_portal/doc/894469.html?_t_t_t=0.17380729681213603","1","1","0","0%","1","1","100%"," 00:02:00","1",
274,"http://www.1010jiajiao.com/qx_portal/doc/715756.html","1","1","1","100%","1","1","100%"," 00:00:09","1",
275,"http://www.1010jiajiao.com/qx_portal/doc/963633.html","1","1","1","100%","1","3","0%"," 00:02:43","3",
276,"http://www.1010jiajiao.com/qx_portal/doc/703904.html","1","1","1","100%","1","1","100%"," 00:02:00","1",
277,"http://www.1010jiajiao.com/qx_portal/doc/792666.html","1","1","1","100%","1","1","100%"," 00:00:07","1",
278,"http://www.1010jiajiao.com/qx_portal/doc/578160.html","1","1","1","100%","1","1","100%"," 00:02:00","1",
279,"http://www.1010jiajiao.com/qx_portal/doc/864387.html","1","1","0","0%","1","1","100%"," 00:02:00","1",
280,"http://www.1010jiajiao.com/qx_portal/doc/684236.html","1","1","1","100%","1","1","100%"," 00:02:00","1",
281,"http://www.1010jiajiao.com/qx_portal/doc/956479.html","1","1","1","100%","1","1","100%"," 00:06:51","1",
282,"http://www.1010jiajiao.com/qx_portal/doc/749826.html","1","1","1","100%","1","1","100%"," 00:00:23","1",
283,"http://www.1010jiajiao.com/qx_portal/doc/781154.html","1","1","1","100%","1","1","100%"," 00:02:00","1",
284,"http://www.1010jiajiao.com/qx_portal/doc/892977.html","1","1","0","0%","1","1","100%"," 00:02:00","1",
285,"http://www.1010jiajiao.com/qx_portal/doc/819009.html","1","1","0","0%","1","1","100%"," 00:02:00","1",
286,"http://www.1010jiajiao.com/qx_portal/doc/956092.html","1","1","1","100%","1","2","0%"," 00:04:34","2",
287,"http://www.1010jiajiao.com/qx_portal/doc/174779.html","1","1","1","100%","1","1","100%"," 00:02:00","1",
288,"http://www.1010jiajiao.com/qx_portal/doc/969248.html","1","1","0","0%","1","1","100%"," 00:00:31","1",
289,"http://www.1010jiajiao.com/qx_portal/doc/862902.html","1","1","1","100%","1","1","100%"," 00:00:40","1",
290,"http://www.1010jiajiao.com/qx_portal/doc/886671.html","1","1","0","0%","1","3","0%"," 00:07:21","3",
291,"http://www.1010jiajiao.com/qx_portal/doc/262277.html","1","1","1","100%","1","1","100%"," 00:01:22","1",
292,"http://www.1010jiajiao.com/qx_portal/doc/444313.html","1","1","1","100%","1","1","100%"," 00:01:06","1",
293,"http://www.1010jiajiao.com/qx_portal/doc/302412.html","1","1","0","0%","1","2","0%"," 00:00:40","2",
294,"http://www.1010jiajiao.com/qx_portal/doc/52574.html","1","1","0","0%","1","1","100%"," 00:00:08","1",
295,"http://www.1010jiajiao.com/qx_portal/doc/415307.html?from=singlemessage","1","1","0","0%","1","1","100%"," 00:02:00","1",
296,"http://www.1010jiajiao.com/qx_portal/doc/362215.html","1","1","1","100%","1","1","100%"," 00:00:08","1",
297,"http://www.1010jiajiao.com/qx_portal/doc/821513.html","1","1","1","100%","1","1","100%"," 00:02:00","1",
298,"http://www.1010jiajiao.com/qx_portal/doc/922273.html","1","1","1","100%","1","1","100%"," 00:02:00","1",
299,"http://www.1010jiajiao.com/qx_portal/doc/490095.html","1","1","1","100%","1","1","100%"," 00:02:00","1",
300,"http://www.1010jiajiao.com/qx_portal/doc/602985.html","1","1","0","0%","1","1","100%"," 00:02:00","1",
301,"http://www.1010jiajiao.com/qx_portal/doc/204848.html","1","1","1","100%","1","1","100%"," 00:02:26","1",
302,"http://www.1010jiajiao.com/qx_portal/doc/960805.html","1","1","1","100%","1","1","100%"," 00:00:15","1",
303,"http://www.1010jiajiao.com/qx_portal/doc/481370.html","1","1","1","100%","1","1","100%"," 00:02:00","1",
304,"http://www.1010jiajiao.com/qx_portal/doc/416161.html","1","1","0","0%","1","1","100%"," 00:02:00","1",
305,"http://www.1010jiajiao.com/qx_portal/doc/868926.html","1","1","1","100%","1","1","100%"," 00:00:29","1",
306,"http://www.1010jiajiao.com/qx_portal/doc/701454.html","1","1","0","0%","1","2","0%"," 00:56:42","2",
307,"http://www.1010jiajiao.com/qx_portal/doc/77476.html","1","1","1","100%","1","1","100%"," 00:02:00","1",
308,"http://www.1010jiajiao.com/qx_portal/doc/866288.html","1","1","1","100%","1","1","100%"," 00:01:02","1",
309,"http://www.1010jiajiao.com/qx_portal/doc/38639.html","1","1","1","100%","1","1","100%"," 00:02:00","1",
310,"http://www.1010jiajiao.com/qx_portal/doc/910058.html","1","1","1","100%","1","1","100%"," 00:00:06","1",
311,"http://www.1010jiajiao.com/qx_portal/doc/733306.html","1","1","1","100%","1","1","100%"," 00:02:00","1",
312,"http://www.1010jiajiao.com/qx_portal/doc/894071.html","1","1","1","100%","1","1","100%"," 00:02:00","1",
313,"http://www.1010jiajiao.com/qx_portal/doc/741661.html","1","1","1","100%","1","1","100%"," 00:02:00","1",
314,"http://www.1010jiajiao.com/qx_portal/doc/967430.html","1","1","1","100%","1","1","100%"," 00:00:06","1",
315,"http://www.1010jiajiao.com/qx_portal/doc/632216.html","1","1","1","100%","1","1","100%"," 00:02:00","1",
316,"http://www.1010jiajiao.com/qx_portal/doc/639524.html","1","1","1","100%","1","1","100%"," 00:02:00","1",
317,"http://www.1010jiajiao.com/qx_portal/doc/951948.html","1","1","1","100%","1","1","100%"," 00:02:00","1",
318,"http://www.1010jiajiao.com/qx_portal/doc/4425.html","1","1","1","100%","1","1","100%"," 00:02:00","1",
319,"http://www.1010jiajiao.com/qx_portal/doc/1435.html","1","1","0","0%","1","1","100%"," 00:00:38","1",
320,"http://www.1010jiajiao.com/qx_portal/doc/103772.html","1","1","1","100%","1","1","100%"," 00:00:13","1",
321,"http://www.1010jiajiao.com/qx_portal/doc/433835.html","1","1","1","100%","1","1","100%"," 00:02:00","1",
322,"http://www.1010jiajiao.com/qx_portal/doc/904574.html","1","1","1","100%","1","1","100%"," 00:00:06","1",
323,"http://www.1010jiajiao.com/qx_portal/doc/143224.html","1","1","0","0%","1","3","0%"," 00:04:20","3",
324,"http://www.1010jiajiao.com/qx_portal/doc/602435.html","1","1","1","100%","1","1","100%"," 00:02:00","1",
325,"http://www.1010jiajiao.com/qx_portal/doc/186348.html","1","1","1","100%","1","1","100%"," 00:02:00","1",
326,"http://www.1010jiajiao.com/qx_portal/doc/766917.html","1","1","1","100%","1","2","0%"," 00:01:06","2",
327,"http://www.1010jiajiao.com/qx_portal/doc/465957.html","1","1","1","100%","1","1","100%"," 00:00:04","1",
328,"http://www.1010jiajiao.com/qx_portal/doc/8415.html","1","1","1","100%","1","2","0%"," 00:38:22","2",
329,"http://www.1010jiajiao.com/qx_portal/doc/959596.html","1","1","1","100%","1","1","100%"," 00:00:03","1",
330,"http://www.1010jiajiao.com/qx_portal/doc/847184.html","1","1","1","100%","1","2","0%"," 00:01:39","2",
331,"http://www.1010jiajiao.com/qx_portal/doc/942772.html","1","1","0","0%","1","1","100%"," 00:02:00","1",
332,"http://www.1010jiajiao.com/qx_portal/doc/827302.html","1","1","1","100%","1","1","100%"," 00:02:00","1",
333,"http://www.1010jiajiao.com/qx_portal/doc/895692.html","1","1","1","100%","1","1","100%"," 00:02:00","1",
334,"http://www.1010jiajiao.com/qx_portal/doc/599793.html","1","1","1","100%","1","1","100%"," 00:01:14","1",
335,"http://www.1010jiajiao.com/qx_portal/doc/668990.html","1","1","1","100%","1","1","100%"," 00:00:59","1",
336,"http://www.1010jiajiao.com/qx_portal/doc/57304.html","1","1","1","100%","1","1","100%"," 00:02:00","1",
337,"http://www.1010jiajiao.com/qx_portal/doc/690392.html","1","1","1","100%","1","2","0%"," 00:00:56","2",
338,"http://www.1010jiajiao.com/qx_portal/doc/971963.html","1","1","1","100%","1","1","100%"," 00:00:09","1",
339,"http://www.1010jiajiao.com/qx_portal/doc/131438.html","1","1","1","100%","1","1","100%"," 00:02:09","1",
340,"http://www.1010jiajiao.com/qx_portal/doc/963354.html","1","1","1","100%","1","1","100%"," 00:00:03","1",
341,"http://www.1010jiajiao.com/qx_portal/doc/695341.html?from=singlemessage","1","1","1","100%","1","4","0%"," 00:36:46","4",
342,"http://www.1010jiajiao.com/qx_portal/doc/705031.html","1","1","1","100%","1","1","100%"," 00:02:00","1",
343,"http://www.1010jiajiao.com/qx_portal/doc/963554.html","1","1","0","0%","1","1","100%"," 00:04:39","1",
344,"http://www.1010jiajiao.com/qx_portal/doc/946221.html","1","1","1","100%","1","1","100%"," 00:02:59","1",
345,"http://www.1010jiajiao.com/qx_portal/doc/926056.html","1","1","1","100%","1","1","100%"," 00:02:00","1",
346,"http://www.1010jiajiao.com/qx_portal/doc/630298.html","1","1","0","0%","1","1","100%"," 00:01:33","1",
347,"http://www.1010jiajiao.com/qx_portal/doc/62264.html?_t_t_t=0.2826085411943495","1","1","0","0%","1","1","100%"," 00:02:00","1",
348,"http://www.1010jiajiao.com/qx_portal/doc/866469.html","1","1","1","100%","1","1","100%"," 00:00:45","1",
349,"http://www.1010jiajiao.com/qx_portal/doc/333773.html","1","1","1","100%","1","1","100%"," 00:02:00","1",
350,"http://www.1010jiajiao.com/qx_portal/doc/57133.html","1","1","0","0%","1","4","0%"," 00:01:56","4",
351,"http://www.1010jiajiao.com/qx_portal/doc/716319.html","1","1","1","100%","1","1","100%"," 00:00:29","1",
352,"http://www.1010jiajiao.com/qx_portal/doc/587853.html","1","1","1","100%","1","1","100%"," 00:02:00","1",
353,"http://www.1010jiajiao.com/qx_portal/doc/85937.html","1","1","1","100%","1","3","0%"," 00:02:13","3",
354,"http://www.1010jiajiao.com/qx_portal/doc/124720.html","1","1","1","100%","1","1","100%"," 00:02:00","1",
355,"http://www.1010jiajiao.com/qx_portal/doc/547015.html","1","1","1","100%","1","1","100%"," 00:02:00","1",
356,"http://www.1010jiajiao.com/qx_portal/doc/674750.html","1","1","1","100%","1","1","100%"," 00:02:00","1",
357,"http://www.1010jiajiao.com/qx_portal/doc/22723.html","1","1","1","100%","1","1","100%"," 00:02:00","1",
358,"http://www.1010jiajiao.com/qx_portal/doc/646690.html","1","1","1","100%","1","1","100%"," 00:02:00","1",
359,"http://www.1010jiajiao.com/qx_portal/doc/893097.html","1","1","1","100%","1","1","100%"," 00:06:23","1",
360,"http://www.1010jiajiao.com/qx_portal/doc/188930.html","1","1","1","100%","1","1","100%"," 00:00:31","1",
361,"http://www.1010jiajiao.com/qx_portal/doc/429615.html","1","1","0","0%","1","2","0%"," 00:17:31","2",
362,"http://www.1010jiajiao.com/qx_portal/doc/552337.html","1","1","1","100%","1","2","0%"," 00:09:01","2",
363,"http://www.1010jiajiao.com/qx_portal/doc/668876.html","1","1","1","100%","1","1","100%"," 00:01:01","1",
364,"http://www.1010jiajiao.com/qx_portal/doc/969436.html","1","1","1","100%","1","1","100%"," 00:00:55","1",
365,"http://www.1010jiajiao.com/qx_portal/doc/76869.html","1","1","1","100%","1","1","100%"," 00:02:00","1",
366,"http://www.1010jiajiao.com/qx_portal/doc/151719.html","1","1","1","100%","1","1","100%"," 00:02:00","1",
367,"http://www.1010jiajiao.com/qx_portal/doc/727752.html","1","1","1","100%","1","1","100%"," 00:02:00","1",
368,"http://www.1010jiajiao.com/qx_portal/doc/745122.html","1","1","1","100%","1","2","0%"," 00:16:24","2",
369,"http://www.1010jiajiao.com/qx_portal/doc/884691.html","1","1","1","100%","1","1","100%"," 00:02:00","1",
370,"http://www.1010jiajiao.com/qx_portal/doc/248413.html","1","1","1","100%","1","1","100%"," 00:02:00","1",
371,"http://www.1010jiajiao.com/qx_portal/doc/716080.html","1","1","1","100%","1","1","100%"," 00:02:00","1",
372,"http://www.1010jiajiao.com/qx_portal/doc/446767.html","1","1","1","100%","1","1","100%"," 00:06:16","1",
373,"http://www.1010jiajiao.com/qx_portal/doc/967419.html","1","1","1","100%","1","1","100%"," 00:00:49","1",
374,"http://www.1010jiajiao.com/qx_portal/doc/895083.html","1","1","1","100%","1","1","100%"," 00:00:53","1",
375,"http://www.1010jiajiao.com/qx_portal/doc/158605.html","1","1","0","0%","1","1","100%"," 00:02:00","1",
376,"http://www.1010jiajiao.com/qx_portal/doc/736926.html","1","1","1","100%","1","1","100%"," 00:02:00","1",
377,"http://www.1010jiajiao.com/qx_portal/doc/777429.html","1","1","1","100%","1","1","100%"," 00:02:00","1",
378,"http://www.1010jiajiao.com/qx_portal/doc/639810.html","1","1","1","100%","1","1","100%"," 00:02:00","1",
379,"http://www.1010jiajiao.com/qx_portal/doc/59022.html","1","1","1","100%","1","1","100%"," 00:00:21","1",
380,"http://www.1010jiajiao.com/qx_portal/doc/820016.html","1","1","1","100%","1","1","100%"," 00:00:29","1",
381,"http://www.1010jiajiao.com/qx_portal/doc/853489.html?_t_t_t=0.8645296629115166","1","1","1","100%","1","1","100%"," 00:02:00","1",
382,"http://www.1010jiajiao.com/qx_portal/doc/936964.html","1","1","1","100%","1","1","100%","--","1",
383,"http://www.1010jiajiao.com/qx_portal/doc/872330.html","1","1","1","100%","1","1","100%"," 00:00:04","1",
384,"http://www.1010jiajiao.com/qx_portal/doc/958746.html","1","1","1","100%","1","1","100%"," 00:00:09","1",
385,"http://www.1010jiajiao.com/qx_portal/doc/967521.html","1","1","1","100%","1","1","100%"," 00:01:13","1",
386,"http://www.1010jiajiao.com/qx_portal/doc/56784.html","1","1","1","100%","1","1","100%"," 00:02:00","1",
387,"http://www.1010jiajiao.com/qx_portal/doc/481813.html","1","1","0","0%","1","1","100%"," 00:02:00","1",
388,"http://www.1010jiajiao.com/qx_portal/doc/326218.html","1","1","1","100%","1","1","100%"," 00:02:00","1",
389,"http://www.1010jiajiao.com/qx_portal/doc/779365.html","1","1","1","100%","1","1","100%"," 00:00:15","1",
390,"http://www.1010jiajiao.com/qx_portal/doc/854849.html","1","1","1","100%","1","1","100%"," 00:20:02","1",
391,"http://www.1010jiajiao.com/qx_portal/doc/967351.html","1","1","1","100%","1","1","100%"," 00:00:39","1",
392,"http://www.1010jiajiao.com/qx_portal/doc/955429.html","1","1","0","0%","1","1","100%"," 00:02:28","1",
393,"http://www.1010jiajiao.com/qx_portal/doc/719872.html","1","1","1","100%","1","1","100%"," 00:01:27","1",
394,"http://www.1010jiajiao.com/qx_portal/doc/726318.html","1","1","1","100%","1","1","100%"," 00:02:00","1",
395,"http://www.1010jiajiao.com/qx_portal/doc/695494.html","1","1","1","100%","1","1","100%"," 00:02:00","1",
396,"http://www.1010jiajiao.com/qx_portal/doc/948542.html","1","1","1","100%","1","1","100%"," 00:02:00","1",
397,"http://www.1010jiajiao.com/qx_portal/doc/133056.html","1","1","1","100%","1","1","100%"," 00:02:00","1",
398,"http://www.1010jiajiao.com/qx_portal/doc/688181.html","1","1","1","100%","1","1","100%"," 00:02:00","1",
399,"http://www.1010jiajiao.com/qx_portal/doc/320014.html","1","1","1","100%","1","1","100%"," 00:02:00","1",
400,"http://www.1010jiajiao.com/qx_portal/doc/826071.html","1","1","1","100%","1","1","100%"," 00:00:05","1",
401,"http://www.1010jiajiao.com/qx_portal/doc/794797.html","1","1","1","100%","1","1","100%"," 00:00:13","1",
402,"http://www.1010jiajiao.com/qx_portal/doc/874676.html?_t_t_t=0.31180543487342904","1","1","0","0%","1","1","100%"," 00:02:00","1",
403,"http://www.1010jiajiao.com/qx_portal/doc/788671.html","1","1","0","0%","1","1","100%"," 00:00:11","1",
404,"http://www.1010jiajiao.com/qx_portal/doc/686432.html","1","1","1","100%","1","1","100%"," 00:16:33","1",
405,"http://www.1010jiajiao.com/qx_portal/doc/965371.html","1","1","0","0%","1","1","100%"," 00:01:25","1",
406,"http://www.1010jiajiao.com/qx_portal/doc/786707.html","1","1","1","100%","1","1","100%"," 00:00:36","1",
407,"http://www.1010jiajiao.com/qx_portal/doc/697688.html","1","1","1","100%","1","1","100%"," 00:02:00","1",
408,"http://www.1010jiajiao.com/qx_portal/doc/673692.html","1","1","1","100%","1","1","100%"," 00:02:00","1",
409,"http://www.1010jiajiao.com/qx_portal/doc/168910.html","1","1","1","100%","1","1","100%"," 00:02:00","1",
410,"http://www.1010jiajiao.com/qx_portal/doc/885928.html","1","1","1","100%","1","1","100%"," 00:02:00","1",
411,"http://www.1010jiajiao.com/qx_portal/doc/895537.html","1","1","1","100%","1","1","100%"," 00:00:05","1",
412,"http://www.1010jiajiao.com/qx_portal/doc/518777.html","1","1","1","100%","1","1","100%"," 00:02:00","1",
413,"http://www.1010jiajiao.com/qx_portal/doc/944452.html","1","1","1","100%","1","1","100%"," 00:02:00","1",
414,"http://www.1010jiajiao.com/qx_portal/doc/10403.html","1","1","1","100%","1","1","100%"," 00:02:00","1",
415,"http://www.1010jiajiao.com/qx_portal/doc/714595.html","1","1","1","100%","1","1","100%"," 00:02:00","1",
416,"http://www.1010jiajiao.com/qx_portal/doc/730638.html","1","1","1","100%","1","1","100%"," 00:02:00","1",
417,"http://www.1010jiajiao.com/qx_portal/doc/541441.html","1","1","0","0%","1","1","100%"," 00:02:00","1",
418,"http://www.1010jiajiao.com/qx_portal/doc/961129.html","1","1","1","100%","1","1","100%"," 00:00:29","1",
419,"http://www.1010jiajiao.com/qx_portal/doc/518110.html","1","1","1","100%","1","2","0%"," 00:00:54","2",
420,"http://www.1010jiajiao.com/qx_portal/doc/259877.html","1","1","0","0%","1","1","100%"," 00:02:00","1",
421,"http://www.1010jiajiao.com/qx_portal/doc/904860.html","1","1","0","0%","1","1","100%"," 00:02:00","1",
422,"http://www.1010jiajiao.com/qx_portal/doc/390522.html","1","1","1","100%","1","1","100%"," 00:02:00","1",
423,"http://www.1010jiajiao.com/qx_portal/doc/173840.html","1","1","1","100%","1","1","100%"," 00:02:00","1",
424,"http://www.1010jiajiao.com/qx_portal/doc/968627.html","1","1","0","0%","1","1","100%"," 00:00:36","1",
425,"http://www.1010jiajiao.com/qx_portal/doc/809918.html","1","1","1","100%","1","1","100%"," 00:00:14","1",
426,"http://www.1010jiajiao.com/qx_portal/doc/954533.html","1","1","0","0%","1","1","100%"," 00:02:00","1",
427,"http://www.1010jiajiao.com/qx_portal/doc/797787.html","1","1","1","100%","1","1","100%"," 00:00:05","1",
428,"http://www.1010jiajiao.com/qx_portal/doc/46703.html","1","1","1","100%","1","1","100%"," 00:00:06","1",
429,"http://www.1010jiajiao.com/qx_portal/doc/647488.html","1","1","1","100%","1","1","100%"," 00:02:00","1",
430,"http://www.1010jiajiao.com/qx_portal/doc/200782.html","1","1","0","0%","1","1","100%"," 00:02:00","1",
431,"http://www.1010jiajiao.com/qx_portal/doc/960785.html","1","1","1","100%","1","1","100%"," 00:00:18","1",
432,"http://www.1010jiajiao.com/qx_portal/doc/585848.html","1","1","1","100%","1","6","0%"," 00:15:32","6",
433,"http://www.1010jiajiao.com/qx_portal/doc/687154.html","1","1","1","100%","1","1","100%"," 00:02:00","1",
434,"http://www.1010jiajiao.com/qx_portal/doc/705840.html","1","1","1","100%","1","1","100%"," 00:02:00","1",
435,"http://www.1010jiajiao.com/qx_portal/doc/948799.html","1","1","0","0%","1","1","100%"," 00:02:00","1",
436,"http://www.1010jiajiao.com/qx_portal/doc/758337.html","1","1","1","100%","1","1","100%"," 00:02:44","1",
437,"http://www.1010jiajiao.com/qx_portal/doc/100497.html","1","1","1","100%","1","3","0%"," 00:14:45","3",
438,"http://www.1010jiajiao.com/qx_portal/doc/971392.html","1","1","1","100%","1","1","100%"," 00:02:00","1",
439,"http://www.1010jiajiao.com/qx_portal/doc/640197.html","1","1","1","100%","1","3","0%"," 00:24:07","3",
440,"http://www.1010jiajiao.com/qx_portal/doc/953213.html","1","1","1","100%","1","1","100%"," 00:00:42","1",
441,"http://www.1010jiajiao.com/qx_portal/doc/897276.html","1","1","1","100%","1","1","100%"," 00:00:03","1",
442,"http://www.1010jiajiao.com/qx_portal/doc/61339.html","1","1","1","100%","1","1","100%"," 00:02:00","1",
443,"http://www.1010jiajiao.com/qx_portal/doc/735646.html?from=singlemessage","1","1","1","100%","1","1","100%"," 00:02:00","1",
444,"http://www.1010jiajiao.com/qx_portal/doc/133714.html","1","1","1","100%","1","1","100%"," 00:02:00","1",
445,"http://www.1010jiajiao.com/qx_portal/doc/805249.html","1","1","1","100%","1","1","100%"," 00:02:00","1",
446,"http://www.1010jiajiao.com/qx_portal/doc/969408.html","1","1","1","100%","1","1","100%"," 00:01:22","1",
447,"http://www.1010jiajiao.com/qx_portal/doc/697804.html","1","1","1","100%","1","1","100%"," 00:08:22","1",
448,"http://www.1010jiajiao.com/qx_portal/doc/968245.html","1","1","1","100%","1","1","100%"," 00:00:12","1",
449,"http://www.1010jiajiao.com/qx_portal/doc/188105.html","1","1","0","0%","1","1","100%"," 00:02:00","1",
450,"http://www.1010jiajiao.com/qx_portal/doc/228005.html","1","1","1","100%","1","1","100%"," 00:02:00","1",
451,"http://www.1010jiajiao.com/qx_portal/doc/52257.html?from=singlemessage&amp;isappinstalled=0","1","1","0","0%","1","2","0%"," 00:10:16","2",
452,"http://www.1010jiajiao.com/qx_portal/doc/449288.html","1","1","1","100%","1","1","100%"," 00:02:00","1",
453,"http://www.1010jiajiao.com/qx_portal/doc/489244.html","1","1","1","100%","1","1","100%"," 00:00:17","1",
454,"http://www.1010jiajiao.com/qx_portal/doc/948273.html","1","1","1","100%","1","1","100%"," 00:02:00","1",
455,"http://www.1010jiajiao.com/qx_portal/doc/53579.html","1","1","1","100%","1","1","100%"," 00:02:00","1",
456,"http://www.1010jiajiao.com/qx_portal/doc/704794.html","1","1","1","100%","1","1","100%"," 00:02:00","1",
457,"http://www.1010jiajiao.com/qx_portal/doc/949025.html","1","1","1","100%","1","2","0%"," 00:11:54","2",
458,"http://www.1010jiajiao.com/qx_portal/doc/628141.html","1","1","0","0%","1","1","100%"," 00:02:00","1",
459,"http://www.1010jiajiao.com/qx_portal/doc/902450.html","1","1","1","100%","1","2","0%"," 00:00:07","2",
460,"http://www.1010jiajiao.com/qx_portal/doc/796793.html","1","1","1","100%","1","1","100%"," 00:08:39","1",
461,"http://www.1010jiajiao.com/qx_portal/doc/962355.html","1","1","1","100%","1","2","0%"," 00:06:57","2",
462,"http://www.1010jiajiao.com/qx_portal/doc/703544.html","1","1","1","100%","1","2","0%"," 00:01:34","2",
463,"http://www.1010jiajiao.com/qx_portal/doc/957236.html","1","1","0","0%","1","1","100%"," 00:00:15","1",
464,"http://www.1010jiajiao.com/qx_portal/doc/955060.html","1","1","1","100%","1","1","100%"," 00:00:06","1",
465,"http://www.1010jiajiao.com/qx_portal/doc/127596.html","1","1","1","100%","1","1","100%"," 00:02:00","1",
466,"http://www.1010jiajiao.com/qx_portal/doc/562555.html","1","1","0","0%","1","1","100%"," 00:00:30","1",
467,"http://www.1010jiajiao.com/qx_portal/doc/304533.html","1","1","1","100%","1","1","100%"," 00:02:00","1",
468,"http://www.1010jiajiao.com/qx_portal/doc/872616.html","1","1","0","0%","1","1","100%"," 00:00:07","1",
469,"http://www.1010jiajiao.com/qx_portal/doc/947524.html","1","1","1","100%","1","1","100%"," 00:00:38","1",
470,"http://www.1010jiajiao.com/qx_portal/doc/860539.html","1","1","1","100%","1","1","100%"," 00:00:15","1",
471,"http://www.1010jiajiao.com/qx_portal/doc/755713.html","1","1","0","0%","1","1","100%"," 00:00:13","1",
472,"http://www.1010jiajiao.com/qx_portal/doc/748032.html","1","1","1","100%","1","1","100%"," 00:00:21","1",
473,"http://www.1010jiajiao.com/qx_portal/doc/961555.html","1","1","1","100%","1","1","100%"," 00:06:08","1",
474,"http://www.1010jiajiao.com/qx_portal/doc/340094.html","1","1","1","100%","1","1","100%"," 00:02:00","1",
475,"http://www.1010jiajiao.com/qx_portal/doc/757770.html","1","1","1","100%","1","1","100%"," 00:00:10","1",
476,"http://www.1010jiajiao.com/qx_portal/doc/969660.html","1","1","1","100%","1","1","100%"," 00:00:54","1",
477,"http://www.1010jiajiao.com/qx_portal/doc/154414.html","1","1","0","0%","1","1","100%"," 00:10:36","1",
478,"http://www.1010jiajiao.com/qx_portal/doc/523991.html?_t_t_t=0.047700946452096105","1","1","1","100%","1","1","100%"," 00:02:00","1",
479,"http://www.1010jiajiao.com/qx_portal/doc/876368.html?_t_t_t=0.8919091932475567","1","1","1","100%","1","1","100%"," 00:03:49","1",
480,"http://www.1010jiajiao.com/qx_portal/doc/913691.html","1","1","1","100%","1","1","100%"," 00:02:00","1",
481,"http://www.1010jiajiao.com/qx_portal/doc/176119.html","1","1","1","100%","1","1","100%"," 00:02:00","1",
482,"http://www.1010jiajiao.com/qx_portal/doc/208419.html","1","1","0","0%","1","1","100%"," 00:00:16","1",
483,"http://www.1010jiajiao.com/qx_portal/doc/181832.html","1","1","1","100%","1","1","100%"," 00:02:00","1",
484,"http://www.1010jiajiao.com/qx_portal/doc/822254.html","1","1","1","100%","1","1","100%"," 00:02:00","1",
485,"http://www.1010jiajiao.com/qx_portal/doc/693820.html","1","1","1","100%","1","1","100%"," 00:02:00","1",
486,"http://www.1010jiajiao.com/qx_portal/doc/962788.html","1","1","1","100%","1","1","100%"," 00:00:31","1",
487,"http://www.1010jiajiao.com/qx_portal/doc/585456.html?from=singlemessage","1","1","1","100%","1","4","0%"," 00:48:38","4",
488,"http://www.1010jiajiao.com/qx_portal/doc/590146.html","1","1","0","0%","1","1","100%"," 00:02:00","1",
489,"http://www.1010jiajiao.com/qx_portal/doc/648569.html","1","1","1","100%","1","1","100%"," 00:00:31","1",
490,"http://www.1010jiajiao.com/qx_portal/doc/689006.html","1","1","1","100%","1","1","100%"," 00:02:00","1",
491,"http://www.1010jiajiao.com/qx_portal/doc/785908.html","1","1","1","100%","1","4","0%"," 00:04:01","4",
492,"http://www.1010jiajiao.com/qx_portal/doc/875874.html?_t_t_t=0.589163113543429","1","1","0","0%","1","2","0%"," 00:01:57","2",
493,"http://www.1010jiajiao.com/qx_portal/doc/930126.html","1","1","1","100%","1","1","100%"," 00:30:04","1",
494,"http://www.1010jiajiao.com/qx_portal/doc/701818.html","1","1","1","100%","1","1","100%"," 00:00:15","1",
495,"http://www.1010jiajiao.com/qx_portal/cat/106.html","1","1","1","100%","1","1","100%"," 00:02:00","1",
496,"http://www.1010jiajiao.com/qx_portal/doc/853408.html","1","1","1","100%","1","1","100%"," 00:00:37","1",
497,"http://www.1010jiajiao.com/qx_portal/doc/588869.html","1","1","1","100%","1","2","0%"," 00:00:19","2",
498,"http://www.1010jiajiao.com/qx_portal/doc/902237.html","1","1","1","100%","1","1","100%"," 00:02:00","1",
499,"http://www.1010jiajiao.com/qx_portal/doc/958108.html","1","1","0","0%","1","1","100%"," 00:00:20","1",
500,"http://www.1010jiajiao.com/qx_portal/doc/70420.html","1","1","0","0%","1","1","100%"," 00:02:00","1",
501,"http://www.1010jiajiao.com/qx_portal/doc/954087.html","1","1","1","100%","1","1","100%"," 00:00:01","1",
502,"http://www.1010jiajiao.com/qx_portal/doc/35318.html","1","1","1","100%","1","1","100%"," 00:02:00","1",
503,"http://www.1010jiajiao.com/qx_portal/doc/37863.html","1","1","1","100%","1","1","100%"," 00:02:00","1",
504,"http://www.1010jiajiao.com/qx_portal/doc/946345.html","1","1","1","100%","1","1","100%"," 00:01:22","1",
505,"http://www.1010jiajiao.com/qx_portal/doc/957399.html","1","1","1","100%","1","1","100%"," 00:00:19","1",
506,"http://www.1010jiajiao.com/qx_portal/doc/82065.html?_t_t_t=0.8507196712845836","1","1","1","100%","1","1","100%"," 00:02:00","1",
507,"http://www.1010jiajiao.com/qx_portal/doc/527595.html","1","1","0","0%","1","1","100%"," 00:02:00","1",
508,"http://www.1010jiajiao.com/qx_portal/doc/655090.html","1","1","1","100%","1","1","100%"," 00:03:24","1",
509,"http://www.1010jiajiao.com/qx_portal/doc/498924.html","1","1","1","100%","1","1","100%"," 00:02:00","1",
510,"http://www.1010jiajiao.com/qx_portal/doc/143275.html","1","1","1","100%","1","1","100%"," 00:01:25","1",
511,"http://www.1010jiajiao.com/qx_portal/doc/566898.html","1","1","1","100%","1","1","100%"," 00:02:00","1",
512,"http://www.1010jiajiao.com/qx_portal/doc/622598.html","1","1","1","100%","1","1","100%"," 00:20:14","1",
513,"http://www.1010jiajiao.com/qx_portal/doc/877114.html","1","1","1","100%","1","1","100%"," 00:02:00","1",
514,"http://www.1010jiajiao.com/qx_portal/doc/584314.html","1","1","1","100%","1","1","100%"," 00:02:00","1",
515,"http://www.1010jiajiao.com/qx_portal/doc/731497.html","1","1","1","100%","1","1","100%"," 00:02:00","1",
516,"http://www.1010jiajiao.com/qx_portal/doc/169571.html","1","1","1","100%","1","1","100%"," 00:00:08","1",
517,"http://www.1010jiajiao.com/qx_portal/doc/845360.html","1","1","1","100%","1","1","100%"," 00:02:00","1",
518,"http://www.1010jiajiao.com/qx_portal/doc/648389.html","1","1","1","100%","1","1","100%"," 00:02:00","1",
519,"http://www.1010jiajiao.com/qx_portal/doc/926021.html","1","1","1","100%","1","2","0%"," 00:00:26","2",
520,"http://www.1010jiajiao.com/qx_portal/doc/808653.html","1","1","1","100%","1","1","100%"," 00:00:30","1",
521,"http://www.1010jiajiao.com/qx_portal/doc/618128.html?_t_t_t=0.7649537241086364","1","1","0","0%","1","2","0%"," 00:00:56","2",
522,"http://www.1010jiajiao.com/qx_portal/doc/696032.html","1","1","0","0%","1","2","0%"," 00:00:57","2",
523,"http://www.1010jiajiao.com/qx_portal/doc/875259.html?_t_t_t=0.8636372229084373","1","1","0","0%","1","2","0%"," 00:13:32","2",
524,"http://www.1010jiajiao.com/qx_portal/doc/907248.html","1","1","1","100%","1","1","100%"," 00:00:09","1",
525,"http://www.1010jiajiao.com/qx_portal/doc/173911.html","1","1","1","100%","1","1","100%"," 00:02:00","1",
526,"http://www.1010jiajiao.com/qx_portal/doc/808628.html","1","1","0","0%","1","1","100%"," 00:02:00","1",
527,"http://www.1010jiajiao.com/qx_portal/doc/72718.html","1","1","1","100%","1","1","100%"," 00:02:00","1",
528,"http://www.1010jiajiao.com/qx_portal/doc/73022.html","1","1","1","100%","1","1","100%"," 00:00:44","1",
529,"http://www.1010jiajiao.com/qx_portal/doc/492318.html","1","1","1","100%","1","1","100%"," 00:00:08","1",
530,"http://www.1010jiajiao.com/qx_portal/doc/959210.html","1","1","0","0%","1","2","0%"," 00:00:09","2",
531,"http://www.1010jiajiao.com/qx_portal/cat/263.html","1","1","0","0%","1","1","100%"," 00:02:00","1",
532,"http://www.1010jiajiao.com/qx_portal/doc/488957.html?_ad0.8981286277994514","1","1","1","100%","1","5","0%"," 00:16:18","5",
533,"http://www.1010jiajiao.com/qx_portal/doc/42743.html","1","1","0","0%","1","1","100%"," 00:02:00","1",
534,"http://www.1010jiajiao.com/qx_portal/doc/704615.html","1","1","1","100%","1","1","100%"," 00:00:35","1",
535,"http://www.1010jiajiao.com/qx_portal/doc/709044.html","1","1","1","100%","1","1","100%"," 00:00:52","1",
536,"http://www.1010jiajiao.com/qx_portal/doc/887431.html","1","1","1","100%","1","1","100%"," 00:03:09","1",
537,"http://www.1010jiajiao.com/qx_portal/doc/738166.html","1","1","1","100%","1","1","100%"," 00:00:28","1",
538,"http://www.1010jiajiao.com/qx_portal/doc/759671.html","1","1","0","0%","1","1","100%"," 00:00:04","1",
539,"http://www.1010jiajiao.com/qx_portal/doc/59520.html","1","1","1","100%","1","1","100%"," 00:02:00","1",
540,"http://www.1010jiajiao.com/qx_portal/doc/725696.html?_t_t_t=0.7928139812871007","1","1","1","100%","1","2","0%"," 00:11:27","2",
541,"http://www.1010jiajiao.com/qx_portal/doc/599804.html","1","1","1","100%","1","3","0%"," 00:00:19","3",
542,"http://www.1010jiajiao.com/qx_portal/doc/925831.html","1","1","1","100%","1","1","100%"," 00:00:29","1",
543,"http://www.1010jiajiao.com/qx_portal/doc/735456.html","1","1","0","0%","1","1","100%"," 00:02:00","1",
544,"http://www.1010jiajiao.com/qx_portal/doc/632002.html","1","1","1","100%","1","4","0%"," 00:08:50","4",
545,"http://www.1010jiajiao.com/qx_portal/doc/181514.html","1","1","1","100%","1","1","100%"," 00:02:00","1",
546,"http://www.1010jiajiao.com/qx_portal/doc/879793.html?_t_t_t=0.028286122251302004&amp;from=groupmessage","1","1","1","100%","1","3","0%"," 00:06:13","3",
547,"http://www.1010jiajiao.com/qx_portal/doc/801407.html","1","1","1","100%","1","1","100%"," 00:00:01","1",
548,"http://www.1010jiajiao.com/qx_portal/doc/873993.html","1","1","1","100%","1","1","100%"," 00:01:58","1",
549,"http://www.1010jiajiao.com/qx_portal/doc/122552.html","1","1","1","100%","1","1","100%"," 00:02:00","1",
550,"http://www.1010jiajiao.com/qx_portal/doc/731479.html","1","1","1","100%","1","1","100%"," 00:00:26","1",
551,"http://www.1010jiajiao.com/qx_portal/doc/127391.html","1","1","0","0%","1","2","0%"," 00:07:15","2",
552,"http://www.1010jiajiao.com/qx_portal/doc/652626.html","1","1","1","100%","1","1","100%"," 00:00:31","1",
553,"http://www.1010jiajiao.com/qx_portal/doc/420606.html","1","1","1","100%","1","1","100%"," 00:00:13","1",
554,"http://www.1010jiajiao.com/qx_portal/doc/866451.html","1","1","1","100%","1","1","100%"," 00:02:00","1",
555,"http://www.1010jiajiao.com/qx_portal/doc/167095.html","1","1","1","100%","1","1","100%"," 00:00:07","1",
556,"http://www.1010jiajiao.com/qx_portal/doc/949061.html","1","1","1","100%","1","1","100%"," 00:02:27","1",
557,"http://www.1010jiajiao.com/qx_portal/doc/346993.html","1","1","1","100%","1","1","100%"," 00:01:42","1",
558,"http://www.1010jiajiao.com/qx_portal/doc/859589.html","1","1","1","100%","1","2","0%"," 00:17:25","2",
559,"http://www.1010jiajiao.com/qx_portal/doc/251007.html","1","1","0","0%","1","1","100%"," 00:02:00","1",
560,"http://www.1010jiajiao.com/qx_portal/doc/929388.html","1","1","1","100%","1","1","100%"," 00:01:11","1",
561,"http://www.1010jiajiao.com/qx_portal/doc/963778.html","1","1","0","0%","1","1","100%"," 00:00:11","1",
562,"http://www.1010jiajiao.com/qx_portal/doc/968511.html","1","1","1","100%","1","1","100%"," 00:00:25","1",
563,"http://www.1010jiajiao.com/qx_portal/doc/853153.html","1","1","1","100%","1","1","100%"," 00:00:22","1",
564,"http://www.1010jiajiao.com/qx_portal/doc/876487.html","1","1","1","100%","1","2","0%"," 00:00:31","2",
565,"http://www.1010jiajiao.com/qx_portal/doc/152733.html","1","1","1","100%","1","1","100%"," 00:00:51","1",
566,"http://www.1010jiajiao.com/qx_portal/doc/620433.html","1","1","1","100%","1","1","100%"," 00:00:11","1",
567,"http://www.1010jiajiao.com/qx_portal/doc/41726.html","1","1","1","100%","1","1","100%"," 00:00:11","1",
568,"http://www.1010jiajiao.com/qx_portal/cat/349.html","1","1","0","0%","1","1","100%","--","1",
569,"http://www.1010jiajiao.com/qx_portal/doc/804883.html","1","1","1","100%","1","1","100%"," 00:02:00","1",
570,"http://www.1010jiajiao.com/qx_portal/doc/862809.html","1","1","1","100%","1","1","100%"," 00:00:08","1",
571,"http://www.1010jiajiao.com/qx_portal/doc/872836.html","1","1","1","100%","1","1","100%"," 00:02:00","1",
572,"http://www.1010jiajiao.com/qx_portal/doc/506883.html","1","1","1","100%","1","1","100%"," 00:02:00","1",
573,"http://www.1010jiajiao.com/qx_portal/doc/931852.html","1","1","1","100%","1","1","100%"," 00:01:47","1",
574,"http://www.1010jiajiao.com/qx_portal/doc/780451.html?_t_t_t=0.7222685602027923","1","1","1","100%","1","2","0%"," 00:03:02","2",
575,"http://www.1010jiajiao.com/qx_portal/doc/52526.html","1","1","0","0%","1","1","100%"," 00:00:50","1",
576,"http://www.1010jiajiao.com/qx_portal/doc/905916.html","1","1","1","100%","1","1","100%"," 00:02:00","1",
577,"http://www.1010jiajiao.com/qx_portal/doc/654402.html","1","1","1","100%","1","1","100%"," 00:02:00","1",
578,"http://www.1010jiajiao.com/qx_portal/doc/896566.html","1","1","1","100%","1","1","100%"," 00:02:00","1",
579,"http://www.1010jiajiao.com/qx_portal/doc/753691.html","1","1","0","0%","1","1","100%"," 00:02:00","1",
580,"http://www.1010jiajiao.com/qx_portal/doc/901019.html","1","1","0","0%","1","1","100%"," 00:02:00","1",
581,"http://www.1010jiajiao.com/qx_portal/doc/866060.html","1","1","0","0%","1","1","100%"," 00:00:04","1",
582,"http://www.1010jiajiao.com/qx_portal/doc/683777.html","1","1","0","0%","1","1","100%"," 00:02:00","1",
583,"http://www.1010jiajiao.com/qx_portal/doc/963654.html","1","1","0","0%","1","1","100%"," 00:00:33","1",
584,"http://www.1010jiajiao.com/qx_portal/doc/723438.html","1","1","1","100%","1","1","100%"," 00:02:00","1",
585,"http://www.1010jiajiao.com/qx_portal/doc/459287.html","1","1","1","100%","1","3","0%"," 00:13:36","3",
586,"http://www.1010jiajiao.com/qx_portal/doc/615763.html?_t_t_t=0.09560616803355515","1","1","1","100%","1","1","100%"," 00:02:00","1",
587,"http://www.1010jiajiao.com/qx_portal/doc/287800.html","1","1","1","100%","1","1","100%"," 00:00:17","1",
588,"http://www.1010jiajiao.com/qx_portal/doc/956870.html","1","1","1","100%","1","1","100%"," 00:00:04","1",
589,"http://www.1010jiajiao.com/qx_portal/doc/7715.html","1","1","1","100%","1","2","0%"," 00:01:04","2",
590,"http://www.1010jiajiao.com/qx_portal/doc/867297.html","1","1","0","0%","1","1","100%"," 00:02:00","1",
591,"http://www.1010jiajiao.com/qx_portal/doc/214695.html","1","1","1","100%","1","1","100%"," 00:02:00","1",
592,"http://www.1010jiajiao.com/qx_portal/doc/965601.html","1","1","1","100%","1","1","100%"," 00:22:30","1",
593,"http://www.1010jiajiao.com/qx_portal/doc/85748.html","1","1","0","0%","1","1","100%"," 00:02:00","1",
594,"http://www.1010jiajiao.com/qx_portal/doc/669679.html","1","1","0","0%","1","1","100%"," 00:02:00","1",
595,"http://www.1010jiajiao.com/qx_portal/doc/954622.html","1","1","0","0%","1","1","100%"," 00:01:03","1",
596,"http://www.1010jiajiao.com/qx_portal/doc/741972.html","1","1","1","100%","1","1","100%"," 00:02:00","1",
597,"http://www.1010jiajiao.com/qx_portal/doc/182456.html","1","1","1","100%","1","1","100%"," 00:02:00","1",
598,"http://www.1010jiajiao.com/qx_portal/doc/426287.html","1","1","0","0%","1","1","100%"," 00:02:00","1",
599,"http://www.1010jiajiao.com/qx_portal/doc/846474.html","1","1","1","100%","1","1","100%"," 00:00:03","1",
600,"http://www.1010jiajiao.com/qx_portal/doc/912156.html","1","1","0","0%","1","1","100%"," 00:02:00","1",
601,"http://www.1010jiajiao.com/qx_portal/doc/868618.html?_t_t_t=0.812853880925104","1","1","1","100%","1","1","100%"," 00:02:00","1",
602,"http://www.1010jiajiao.com/qx_portal/doc/676500.html","1","1","0","0%","1","1","100%"," 00:00:12","1",
603,"http://www.1010jiajiao.com/qx_portal/doc/954228.html","1","1","1","100%","1","1","100%"," 00:02:00","1",
604,"http://www.1010jiajiao.com/qx_portal/doc/525518.html","1","1","0","0%","1","1","100%"," 00:02:00","1",
605,"http://www.1010jiajiao.com/qx_portal/doc/695334.html","1","1","0","0%","1","1","100%"," 00:02:00","1",
606,"http://www.1010jiajiao.com/qx_portal/doc/956502.html","1","1","1","100%","1","1","100%"," 00:02:00","1",
607,"http://www.1010jiajiao.com/qx_portal/doc/36647.html?_ad0.9814106221310794","1","1","1","100%","1","1","100%"," 00:02:00","1",
608,"http://www.1010jiajiao.com/qx_portal/doc/299027.html","1","1","0","0%","1","1","100%"," 00:00:20","1",
609,"http://www.1010jiajiao.com/qx_portal/doc/660034.html","1","1","1","100%","1","1","100%"," 00:00:05","1",
610,"http://www.1010jiajiao.com/qx_portal/doc/907240.html","1","1","1","100%","1","3","0%"," 00:10:42","3",
611,"http://www.1010jiajiao.com/qx_portal/doc/844985.html","1","1","1","100%","1","1","100%"," 00:02:00","1",
612,"http://www.1010jiajiao.com/qx_portal/doc/615305.html","1","1","0","0%","1","1","100%"," 00:02:00","1",
613,"http://www.1010jiajiao.com/qx_portal/doc/592229.html","1","1","1","100%","1","1","100%"," 00:02:00","1",
614,"http://www.1010jiajiao.com/qx_portal/doc/290653.html","1","1","1","100%","1","1","100%"," 00:02:00","1",
615,"http://www.1010jiajiao.com/qx_portal/doc/961993.html","1","1","1","100%","1","1","100%"," 00:00:18","1",
616,"http://www.1010jiajiao.com/qx_portal/doc/890755.html","1","1","1","100%","1","1","100%"," 00:01:32","1",
617,"http://www.1010jiajiao.com/qx_portal/doc/124472.html","1","1","1","100%","1","1","100%"," 00:02:00","1",
618,"http://www.1010jiajiao.com/qx_portal/doc/501565.html","1","1","1","100%","1","1","100%"," 00:00:09","1",
619,"http://www.1010jiajiao.com/qx_portal/doc/955112.html","1","1","1","100%","1","1","100%"," 00:00:13","1",
620,"http://www.1010jiajiao.com/qx_portal/doc/432318.html","1","1","1","100%","1","1","100%"," 00:02:00","1",
621,"http://www.1010jiajiao.com/qx_portal/doc/510082.html","1","1","1","100%","1","1","100%"," 00:12:22","1",
622,"http://www.1010jiajiao.com/qx_portal/doc/632648.html","1","1","1","100%","1","1","100%"," 00:02:00","1",
623,"http://www.1010jiajiao.com/qx_portal/doc/289364.html","1","1","1","100%","1","1","100%"," 00:02:00","1",
624,"http://www.1010jiajiao.com/qx_portal/doc/862947.html","1","1","1","100%","1","1","100%"," 00:03:33","1",
625,"http://www.1010jiajiao.com/qx_portal/doc/913866.html","1","1","1","100%","1","1","100%"," 00:02:00","1",
626,"http://www.1010jiajiao.com/qx_portal/doc/752173.html","1","1","1","100%","1","1","100%"," 00:02:00","1",
627,"http://www.1010jiajiao.com/qx_portal/doc/963519.html","1","1","1","100%","1","1","100%"," 00:02:00","1",
628,"http://www.1010jiajiao.com/qx_portal/doc/731221.html","1","1","1","100%","1","1","100%"," 00:02:00","1",
629,"http://www.1010jiajiao.com/qx_portal/doc/957803.html","1","1","0","0%","1","1","100%"," 00:02:31","1",
630,"http://www.1010jiajiao.com/qx_portal/doc/843669.html","1","1","1","100%","1","1","100%"," 00:00:28","1",
631,"http://www.1010jiajiao.com/qx_portal/doc/708651.html","1","1","1","100%","1","1","100%"," 00:00:07","1",
632,"http://www.1010jiajiao.com/qx_portal/doc/970754.html","1","1","1","100%","1","1","100%"," 00:00:04","1",
633,"http://www.1010jiajiao.com/qx_portal/doc/676607.html?_t_t_t=0.36125496379099786","1","1","1","100%","1","1","100%"," 00:02:00","1",
634,"http://www.1010jiajiao.com/qx_portal/doc/760206.html","1","1","1","100%","1","1","100%"," 00:02:00","1",
635,"http://www.1010jiajiao.com/qx_portal/doc/875923.html","1","1","1","100%","1","1","100%"," 00:02:00","1",
636,"http://www.1010jiajiao.com/qx_portal/doc/690324.html","1","1","1","100%","1","1","100%"," 00:02:00","1",
637,"http://www.1010jiajiao.com/qx_portal/doc/722198.html","1","1","1","100%","1","1","100%"," 00:02:00","1",
638,"http://www.1010jiajiao.com/qx_portal/doc/254757.html","1","1","1","100%","1","1","100%"," 00:03:17","1",
639,"http://www.1010jiajiao.com/qx_portal/doc/152420.html","1","1","1","100%","1","1","100%"," 00:02:00","1",
640,"http://www.1010jiajiao.com/qx_portal/doc/303325.html","1","1","1","100%","1","1","100%"," 00:02:00","1",
641,"http://www.1010jiajiao.com/qx_portal/doc/900334.html","1","1","1","100%","1","1","100%"," 00:02:00","1",
642,"http://www.1010jiajiao.com/qx_portal/doc/658063.html?_t_t_t=0.3516970737837255","1","1","1","100%","1","2","0%"," 00:02:00","2",
643,"http://www.1010jiajiao.com/qx_portal/doc/617773.html","1","1","0","0%","1","1","100%"," 00:02:00","1",
644,"http://www.1010jiajiao.com/qx_portal/doc/5021.html","1","1","1","100%","1","2","0%"," 00:08:58","2",
645,"http://www.1010jiajiao.com/qx_portal/doc/893139.html","1","1","1","100%","1","1","100%"," 00:00:18","1",
646,"http://www.1010jiajiao.com/qx_portal/doc/723146.html","1","1","1","100%","1","1","100%"," 00:00:36","1",
647,"http://www.1010jiajiao.com/qx_portal/doc/943883.html","1","1","1","100%","1","1","100%"," 00:00:26","1",
648,"http://www.1010jiajiao.com/qx_portal/doc/51292.html","1","1","1","100%","1","1","100%"," 00:02:00","1",
649,"http://www.1010jiajiao.com/qx_portal/doc/122985.html","1","1","1","100%","1","1","100%"," 00:00:12","1",
650,"http://www.1010jiajiao.com/qx_portal/doc/522026.html","1","1","1","100%","1","1","100%"," 00:00:30","1",
651,"http://www.1010jiajiao.com/qx_portal/doc/482284.html","1","1","1","100%","1","2","0%"," 00:09:10","2",
652,"http://www.1010jiajiao.com/qx_portal/doc/67977.html","1","1","1","100%","1","1","100%"," 00:02:00","1",
653,"http://www.1010jiajiao.com/qx_portal/doc/950415.html","1","1","1","100%","1","2","0%"," 00:00:26","2",
654,"http://www.1010jiajiao.com/qx_portal/doc/717456.html","1","1","1","100%","1","2","0%"," 00:21:46","2",
655,"http://www.1010jiajiao.com/qx_portal/doc/692707.html","1","1","1","100%","1","1","100%"," 00:07:21","1",
656,"http://www.1010jiajiao.com/qx_portal/doc/286895.html","1","1","1","100%","1","1","100%"," 00:01:40","1",
657,"http://www.1010jiajiao.com/qx_portal/doc/131729.html","1","1","1","100%","1","2","0%"," 00:17:28","2",
658,"http://www.1010jiajiao.com/qx_portal/doc/567285.html","1","1","1","100%","1","1","100%"," 00:02:00","1",
659,"http://www.1010jiajiao.com/qx_portal/doc/239152.html","1","1","1","100%","1","1","100%"," 00:02:00","1",
660,"http://www.1010jiajiao.com/qx_portal/doc/635638.html","1","1","0","0%","1","2","0%"," 00:00:28","2",
661,"http://www.1010jiajiao.com/qx_portal/doc/689164.html","1","1","1","100%","1","1","100%"," 00:04:46","1",
662,"http://www.1010jiajiao.com/qx_portal/doc/959279.html","1","1","1","100%","1","1","100%"," 00:03:39","1",
663,"http://www.1010jiajiao.com/qx_portal/doc/211221.html","1","1","1","100%","1","1","100%"," 00:02:00","1",
664,"http://www.1010jiajiao.com/qx_portal/doc/606865.html","1","1","1","100%","1","1","100%"," 00:02:27","1",
665,"http://www.1010jiajiao.com/qx_portal/doc/760496.html","1","1","0","0%","1","1","100%"," 00:00:11","1",
666,"http://www.1010jiajiao.com/qx_portal/doc/967450.html","1","1","1","100%","1","1","100%"," 00:02:00","1",
667,"http://www.1010jiajiao.com/qx_portal/doc/78318.html","1","1","1","100%","1","1","100%"," 00:02:00","1",
668,"http://www.1010jiajiao.com/qx_portal/doc/955796.html","1","1","1","100%","1","1","100%"," 00:00:42","1",
669,"http://www.1010jiajiao.com/qx_portal/doc/784865.html","1","1","1","100%","1","1","100%"," 00:02:00","1",
670,"http://www.1010jiajiao.com/qx_portal/doc/698442.html","1","1","1","100%","1","1","100%"," 00:02:00","1",
671,"http://www.1010jiajiao.com/qx_portal/doc/793170.html","1","1","1","100%","1","1","100%"," 00:00:19","1",
672,"http://www.1010jiajiao.com/qx_portal/doc/802955.html","1","1","1","100%","1","1","100%"," 00:02:00","1",
673,"http://www.1010jiajiao.com/qx_portal/doc/962335.html","1","1","1","100%","1","1","100%"," 00:00:34","1",
674,"http://www.1010jiajiao.com/qx_portal/doc/596045.html","1","1","1","100%","1","1","100%"," 00:02:00","1",
675,"http://www.1010jiajiao.com/qx_portal/doc/888666.html","1","1","1","100%","1","1","100%"," 00:02:00","1",
676,"http://www.1010jiajiao.com/qx_portal/doc/959864.html","1","1","1","100%","1","1","100%"," 00:01:06","1",
677,"http://www.1010jiajiao.com/qx_portal/doc/333826.html","1","1","1","100%","1","1","100%"," 00:02:00","1",
678,"http://www.1010jiajiao.com/qx_portal/doc/653806.html","1","1","1","100%","1","1","100%"," 00:02:00","1",
679,"http://www.1010jiajiao.com/qx_portal/doc/453432.html","1","1","1","100%","1","1","100%"," 00:02:00","1",
680,"http://www.1010jiajiao.com/qx_portal/doc/606193.html","1","1","1","100%","1","1","100%"," 00:02:00","1",
681,"http://www.1010jiajiao.com/qx_portal/doc/865868.html","1","1","1","100%","1","4","0%"," 00:28:02","4",
682,"http://www.1010jiajiao.com/qx_portal/doc/96067.html","1","1","1","100%","1","3","0%"," 00:00:30","3",
683,"http://www.1010jiajiao.com/qx_portal/doc/874265.html","1","1","1","100%","1","2","0%"," 00:05:24","2",
684,"http://www.1010jiajiao.com/qx_portal/doc/87308.html","1","1","1","100%","1","1","100%"," 00:00:05","1",
685,"http://www.1010jiajiao.com/qx_portal/doc/918220.html","1","1","0","0%","1","1","100%"," 00:02:00","1",
686,"http://www.1010jiajiao.com/qx_portal/doc/752100.html","1","1","1","100%","1","1","100%"," 00:02:00","1",
687,"http://www.1010jiajiao.com/qx_portal/doc/199161.html","1","1","1","100%","1","1","100%"," 00:02:00","1",
688,"http://www.1010jiajiao.com/qx_portal/doc/629536.html","1","1","0","0%","1","22","0%"," 00:00:37","22",
689,"http://www.1010jiajiao.com/qx_portal/doc/556355.html","1","1","1","100%","1","1","100%"," 00:00:54","1",
690,"http://www.1010jiajiao.com/qx_portal/doc/155180.html","1","1","1","100%","1","2","0%"," 00:33:12","2",
691,"http://www.1010jiajiao.com/qx_portal/doc/932615.html","1","1","1","100%","1","1","100%"," 00:01:20","1",
692,"http://www.1010jiajiao.com/qx_portal/doc/960410.html","1","1","1","100%","1","1","100%"," 00:00:10","1",
693,"http://www.1010jiajiao.com/qx_portal/doc/957039.html","1","1","1","100%","1","1","100%"," 00:00:38","1",
694,"http://www.1010jiajiao.com/qx_portal/doc/411690.html","1","1","1","100%","1","1","100%"," 00:01:40","1",
695,"http://www.1010jiajiao.com/qx_portal/doc/628416.html","1","1","1","100%","1","1","100%"," 00:02:00","1",
696,"http://www.1010jiajiao.com/qx_portal/doc/917434.html","1","1","1","100%","1","2","0%"," 00:09:54","2",
697,"http://www.1010jiajiao.com/qx_portal/doc/483355.html","1","1","1","100%","1","2","0%"," 00:01:00","2",
698,"http://www.1010jiajiao.com/qx_portal/doc/874716.html","1","1","1","100%","1","1","100%"," 00:02:00","1",
699,"http://www.1010jiajiao.com/qx_portal/doc/773440.html","1","1","1","100%","1","1","100%"," 00:02:00","1",
700,"http://www.1010jiajiao.com/qx_portal/doc/970965.html","1","1","1","100%","1","1","100%"," 00:00:29","1",
701,"http://www.1010jiajiao.com/qx_portal/doc/121569.html","1","1","1","100%","1","2","0%"," 00:00:14","2",
702,"http://www.1010jiajiao.com/qx_portal/doc/970309.html","1","1","1","100%","1","1","100%"," 00:00:44","1",
703,"http://www.1010jiajiao.com/qx_portal/doc/832433.html","1","1","1","100%","1","2","0%"," 00:03:10","2",
704,"http://www.1010jiajiao.com/qx_portal/doc/918014.html","1","1","0","0%","1","1","100%"," 00:02:00","1",
705,"http://www.1010jiajiao.com/qx_portal/doc/737013.html","1","1","1","100%","1","1","100%"," 00:00:05","1",
706,"http://www.1010jiajiao.com/qx_portal/doc/747534.html","1","1","1","100%","1","1","100%"," 00:02:00","1",
707,"http://www.1010jiajiao.com/qx_portal/doc/720847.html","1","1","1","100%","1","1","100%"," 00:00:03","1",
708,"http://www.1010jiajiao.com/qx_portal/doc/118509.html","1","1","1","100%","1","1","100%"," 00:03:19","1",
709,"http://www.1010jiajiao.com/qx_portal/doc/960592.html","1","1","1","100%","1","1","100%"," 00:02:00","1",
710,"http://www.1010jiajiao.com/qx_portal/doc/896634.html","1","1","0","0%","1","1","100%"," 00:02:00","1",
711,"http://www.1010jiajiao.com/qx_portal/doc/820226.html","1","1","0","0%","1","1","100%"," 00:00:28","1",
712,"http://www.1010jiajiao.com/qx_portal/doc/568149.html","1","1","1","100%","1","2","0%"," 00:04:24","2",
713,"http://www.1010jiajiao.com/qx_portal/doc/929758.html","1","1","1","100%","1","1","100%"," 00:00:23","1",
714,"http://www.1010jiajiao.com/qx_portal/doc/673966.html","1","1","0","0%","1","1","100%"," 00:00:16","1",
715,"http://www.1010jiajiao.com/qx_portal/doc/687356.html","1","1","0","0%","1","1","100%"," 00:00:10","1",
716,"http://www.1010jiajiao.com/qx_portal/doc/203948.html","1","1","1","100%","1","1","100%"," 00:00:15","1",
717,"http://www.1010jiajiao.com/qx_portal/doc/572668.html","1","1","1","100%","1","1","100%"," 00:02:00","1",
718,"http://www.1010jiajiao.com/qx_portal/doc/47866.html","1","1","1","100%","1","1","100%"," 00:02:00","1",
719,"http://www.1010jiajiao.com/qx_portal/doc/619644.html?_t_t_t=0.786422931115071","1","1","1","100%","1","2","0%"," 00:02:00","2",
720,"http://www.1010jiajiao.com/qx_portal/doc/281905.html","1","1","1","100%","1","1","100%"," 00:02:00","1",
721,"http://www.1010jiajiao.com/qx_portal/doc/629796.html","1","1","1","100%","1","1","100%"," 00:00:30","1",
722,"http://www.1010jiajiao.com/qx_portal/doc/867862.html","1","1","1","100%","1","3","0%"," 00:23:22","3",
723,"http://www.1010jiajiao.com/qx_portal/doc/348859.html","1","1","1","100%","1","1","100%"," 00:02:07","1",
724,"http://www.1010jiajiao.com/qx_portal/doc/651329.html","1","1","1","100%","1","1","100%"," 00:02:00","1",
725,"http://www.1010jiajiao.com/qx_portal/doc/820424.html","1","1","1","100%","1","1","100%"," 00:00:07","1",
726,"http://www.1010jiajiao.com/qx_portal/doc/149883.html","1","1","1","100%","1","1","100%"," 00:02:00","1",
727,"http://www.1010jiajiao.com/qx_portal/doc/789179.html","1","1","0","0%","1","1","100%"," 00:02:00","1",
728,"http://www.1010jiajiao.com/qx_portal/doc/961072.html","1","1","1","100%","1","1","100%"," 00:03:30","1",
729,"http://www.1010jiajiao.com/qx_portal/doc/664777.html","1","1","1","100%","1","1","100%"," 00:00:38","1",
730,"http://www.1010jiajiao.com/qx_portal/doc/902137.html","1","1","1","100%","1","1","100%"," 00:00:28","1",
731,"http://www.1010jiajiao.com/qx_portal/doc/21254.html","1","1","0","0%","1","1","100%"," 00:02:00","1",
732,"http://www.1010jiajiao.com/qx_portal/doc/801454.html","1","1","1","100%","1","1","100%"," 00:02:00","1",
733,"http://www.1010jiajiao.com/qx_portal/doc/792891.html","1","1","1","100%","1","1","100%"," 00:00:05","1",
734,"http://www.1010jiajiao.com/qx_portal/doc/7989.html","1","1","1","100%","1","4","0%"," 00:02:24","4",
735,"http://www.1010jiajiao.com/qx_portal/doc/917610.html","1","1","1","100%","1","1","100%"," 00:02:00","1",
736,"http://www.1010jiajiao.com/qx_portal/doc/175723.html","1","1","1","100%","1","1","100%"," 00:00:13","1",
737,"http://www.1010jiajiao.com/qx_portal/doc/175239.html","1","1","0","0%","1","1","100%"," 00:00:16","1",
738,"http://www.1010jiajiao.com/qx_portal/doc/618450.html","1","1","1","100%","1","1","100%"," 00:02:00","1",
739,"http://www.1010jiajiao.com/qx_portal/doc/59244.html","1","1","1","100%","1","1","100%"," 00:00:10","1",
740,"http://www.1010jiajiao.com/qx_portal/doc/832396.html","1","1","1","100%","1","5","0%"," 00:03:45","5",
741,"http://www.1010jiajiao.com/qx_portal/doc/835667.html","1","1","1","100%","1","1","100%"," 00:02:00","1",
742,"http://www.1010jiajiao.com/qx_portal/doc/960828.html","1","1","1","100%","1","1","100%"," 00:02:00","1",
743,"http://www.1010jiajiao.com/qx_portal/doc/955531.html","1","1","1","100%","1","2","0%"," 00:02:16","2",
744,"http://www.1010jiajiao.com/qx_portal/doc/113477.html","1","1","1","100%","1","1","100%"," 00:00:28","1",
745,"http://www.1010jiajiao.com/qx_portal/doc/601291.html","1","1","1","100%","1","1","100%"," 00:02:00","1",
746,"http://www.1010jiajiao.com/qx_portal/doc/662269.html","1","1","1","100%","1","1","100%"," 00:00:11","1",
747,"http://www.1010jiajiao.com/qx_portal/doc/705556.html","1","1","1","100%","1","3","0%"," 00:05:08","3",
748,"http://www.1010jiajiao.com/qx_portal/doc/967553.html","1","1","1","100%","1","1","100%"," 00:00:07","1",
749,"http://www.1010jiajiao.com/qx_portal/doc/760642.html","1","1","1","100%","1","1","100%"," 00:01:35","1",
750,"http://www.1010jiajiao.com/qx_portal/doc/124721.html","1","1","1","100%","1","1","100%"," 00:02:00","1",
751,"http://www.1010jiajiao.com/qx_portal/doc/196963.html","1","1","0","0%","1","2","0%"," 00:03:14","2",
752,"http://www.1010jiajiao.com/qx_portal/doc/970019.html","1","1","1","100%","1","1","100%"," 00:10:08","1",
753,"http://www.1010jiajiao.com/qx_portal/doc/959350.html","1","1","1","100%","1","1","100%"," 00:00:11","1",
754,"http://www.1010jiajiao.com/qx_portal/doc/897832.html","1","1","1","100%","1","1","100%"," 00:02:00","1",
755,"http://www.1010jiajiao.com/qx_portal/doc/432167.html","1","1","1","100%","1","1","100%"," 00:02:00","1",
756,"http://www.1010jiajiao.com/qx_portal/doc/927110.html","1","1","1","100%","1","1","100%"," 00:01:29","1",
757,"http://www.1010jiajiao.com/qx_portal/doc/615972.html","1","1","1","100%","1","1","100%"," 00:02:00","1",
758,"http://www.1010jiajiao.com/qx_portal/doc/424741.html","1","1","1","100%","1","1","100%"," 00:00:21","1",
759,"http://www.1010jiajiao.com/qx_portal/doc/914832.html","1","1","1","100%","1","2","0%"," 00:03:38","2",
760,"http://www.1010jiajiao.com/qx_portal/doc/794222.html","1","1","1","100%","1","1","100%"," 00:02:00","1",
761,"http://www.1010jiajiao.com/qx_portal/doc/787842.html?_ad0.7568095289170742","1","1","1","100%","1","2","0%"," 00:02:00","2",
762,"http://www.1010jiajiao.com/qx_portal/doc/232814.html","1","1","1","100%","1","1","100%"," 00:02:00","1",
763,"http://www.1010jiajiao.com/qx_portal/doc/781861.html","1","1","1","100%","1","1","100%"," 00:00:10","1",
764,"http://www.1010jiajiao.com/qx_portal/doc/53228.html","1","1","1","100%","1","1","100%"," 00:02:00","1",
765,"http://www.1010jiajiao.com/qx_portal/doc/645038.html","1","1","1","100%","1","1","100%"," 00:00:18","1",
766,"http://www.1010jiajiao.com/qx_portal/doc/611731.html","1","1","1","100%","1","1","100%"," 00:02:00","1",
767,"http://www.1010jiajiao.com/qx_portal/doc/450796.html","1","1","1","100%","1","1","100%"," 00:02:00","1",
768,"http://www.1010jiajiao.com/qx_portal/doc/152346.html","1","1","1","100%","1","1","100%"," 00:00:21","1",
769,"http://www.1010jiajiao.com/qx_portal/doc/559206.html","1","1","0","0%","1","1","100%"," 00:03:47","1",
770,"http://www.1010jiajiao.com/qx_portal/doc/470852.html","1","1","1","100%","1","2","0%"," 00:00:32","2",
771,"http://www.1010jiajiao.com/qx_portal/doc/954225.html","1","1","1","100%","1","1","100%"," 00:02:00","1",
772,"http://www.1010jiajiao.com/qx_portal/doc/671551.html","1","1","0","0%","1","1","100%"," 00:00:20","1",
773,"http://www.1010jiajiao.com/qx_portal/doc/649954.html","1","1","0","0%","1","1","100%"," 00:00:20","1",
774,"http://www.1010jiajiao.com/qx_portal/doc/81726.html","1","1","1","100%","1","1","100%"," 00:00:12","1",
775,"http://www.1010jiajiao.com/qx_portal/doc/701814.html","1","1","1","100%","1","1","100%"," 00:06:34","1",
776,"http://www.1010jiajiao.com/qx_portal/doc/901949.html","1","1","1","100%","1","1","100%"," 00:11:33","1",
777,"http://www.1010jiajiao.com/qx_portal/doc/154856.html","1","1","1","100%","1","3","0%"," 00:10:34","3",
778,"http://www.1010jiajiao.com/qx_portal/doc/650541.html","1","1","0","0%","1","1","100%"," 00:02:00","1",
779,"http://www.1010jiajiao.com/qx_portal/doc/666907.html","1","1","1","100%","1","1","100%"," 00:02:00","1",
780,"http://www.1010jiajiao.com/qx_portal/doc/956622.html","1","1","1","100%","1","1","100%"," 00:01:22","1",
781,"http://www.1010jiajiao.com/qx_portal/doc/957967.html","1","1","1","100%","1","1","100%"," 00:02:00","1",
782,"http://www.1010jiajiao.com/qx_portal/doc/171773.html","1","1","1","100%","1","1","100%"," 00:00:20","1",
783,"http://www.1010jiajiao.com/qx_portal/doc/271776.html","1","1","1","100%","1","1","100%"," 00:02:00","1",
784,"http://www.1010jiajiao.com/qx_portal/cat/3455.html","1","1","1","100%","1","1","100%"," 00:02:00","1",
785,"http://www.1010jiajiao.com/qx_portal/doc/960382.html","1","1","0","0%","1","1","100%"," 00:00:05","1",
786,"http://www.1010jiajiao.com/qx_portal/doc/143124.html","1","1","1","100%","1","1","100%"," 00:04:33","1",
787,"http://www.1010jiajiao.com/qx_portal/doc/954475.html","1","1","1","100%","1","1","100%"," 00:00:09","1",
788,"http://www.1010jiajiao.com/qx_portal/doc/632673.html","1","1","1","100%","1","1","100%"," 00:02:00","1",
789,"http://www.1010jiajiao.com/qx_portal/doc/903900.html","1","1","1","100%","1","3","0%"," 00:01:38","3",
790,"http://www.1010jiajiao.com/qx_portal/doc/856080.html","1","1","1","100%","1","1","100%"," 00:02:00","1",
791,"http://www.1010jiajiao.com/qx_portal/doc/796544.html","1","1","1","100%","1","1","100%"," 00:02:44","1",
792,"http://www.1010jiajiao.com/qx_portal/doc/294959.html","1","1","1","100%","1","1","100%"," 00:02:00","1",
793,"http://www.1010jiajiao.com/qx_portal/doc/972079.html","1","1","0","0%","1","1","100%"," 00:02:00","1",
794,"http://www.1010jiajiao.com/qx_portal/doc/485227.html?_t_t_t=0.27645663265138865","1","1","1","100%","1","5","0%"," 00:25:38","5",
795,"http://www.1010jiajiao.com/qx_portal/doc/268655.html","1","1","1","100%","1","1","100%"," 00:01:56","1",
796,"http://www.1010jiajiao.com/qx_portal/doc/319213.html","1","1","1","100%","1","1","100%"," 00:02:00","1",
797,"http://www.1010jiajiao.com/qx_portal/doc/857844.html","1","1","1","100%","1","1","100%"," 00:02:00","1",
798,"http://www.1010jiajiao.com/qx_portal/doc/962325.html","1","1","1","100%","1","1","100%"," 00:00:31","1",
799,"http://www.1010jiajiao.com/qx_portal/doc/654082.html?_t_t_t=0.7623096941829084","1","1","1","100%","1","1","100%"," 00:02:00","1",
800,"http://www.1010jiajiao.com/qx_portal/doc/66122.html","1","1","1","100%","1","1","100%"," 00:02:00","1",
801,"http://www.1010jiajiao.com/qx_portal/doc/883728.html","1","1","1","100%","1","1","100%"," 00:13:39","1",
802,"http://www.1010jiajiao.com/qx_portal/doc/961334.html","1","1","0","0%","1","1","100%"," 00:03:52","1",
803,"http://www.1010jiajiao.com/qx_portal/doc/721968.html","1","1","0","0%","1","3","0%"," 00:00:47","3",
804,"http://www.1010jiajiao.com/qx_portal/doc/656603.html","1","1","1","100%","1","1","100%"," 00:02:00","1",
805,"http://www.1010jiajiao.com/qx_portal/doc/879793.html?_t_t_t=0.3738063611090183","1","1","1","100%","1","1","100%"," 00:02:00","1",
806,"http://www.1010jiajiao.com/qx_portal/doc/770661.html","1","1","1","100%","1","1","100%"," 00:00:06","1",
807,"http://www.1010jiajiao.com/qx_portal/doc/954617.html","0","0","0","--","0","1","--","--","--",
808,"http://www.1010jiajiao.com/qx_portal/doc/877159.html","0","0","0","--","0","2","--","--","--",
809,"http://www.1010jiajiao.com/qx_portal/doc/351449.html","0","0","0","--","0","3","--","--","--",
810,"其他","18,881","18,210","14,740","80.94%","18,269","20,094","94.53%"," 00:02:42","1.06",

